{"t":"2026-03-18T22:49:49.129","s":"s-78108c55","lvl":"SESSION","tag":"ProjectLogger","msg":"START","data":{"project":"MaxVibes","ideVersion":"2023.3.3","os":"Windows 11 10.0"}}
{"t":"2026-03-18T22:49:49.178","s":"s-78108c55","lvl":"INFO","tag":"ClipboardSessionManager","msg":"Session state transitioned","data":{"sessionId":"90296e6d-9a43-46eb-8ac4-65ba59a5a533","from":"IDLE","event":"StartSession","to":"SESSION_ACTIVE"}}
{"t":"2026-03-18T22:49:49.455","s":"s-78108c55","lvl":"INFO","tag":"ClipboardSessionManager","msg":"Session state transitioned","data":{"sessionId":"90296e6d-9a43-46eb-8ac4-65ba59a5a533","from":"SESSION_ACTIVE","event":"JsonCopied","to":"AWAITING_PASTE"}}
{"t":"2026-03-18T22:55:24.277","s":"s-78108c55","lvl":"INFO","tag":"ClipboardSessionManager","msg":"Session state transitioned","data":{"sessionId":"d022a8af-4a9c-4a51-9482-7ba60506640e","from":"IDLE","event":"StartSession","to":"SESSION_ACTIVE"}}
{"t":"2026-03-18T22:55:24.394","s":"s-78108c55","lvl":"INFO","tag":"ClipboardSessionManager","msg":"Session state transitioned","data":{"sessionId":"d022a8af-4a9c-4a51-9482-7ba60506640e","from":"SESSION_ACTIVE","event":"JsonCopied","to":"AWAITING_PASTE"}}
{"t":"2026-03-19T08:58:42.445","s":"s-78108c55","lvl":"INFO","tag":"ClipboardSessionManager","msg":"Session state transitioned","data":{"sessionId":"90296e6d-9a43-46eb-8ac4-65ba59a5a533","from":"AWAITING_PASTE","event":"JsonCopied","to":"AWAITING_PASTE"}}
{"t":"2026-03-19T08:59:01.611","s":"s-78108c55","lvl":"INFO","tag":"ClipboardSessionManager","msg":"Session state transitioned","data":{"sessionId":"90296e6d-9a43-46eb-8ac4-65ba59a5a533","from":"AWAITING_PASTE","event":"ResponsePasted","to":"SESSION_ACTIVE"}}
{"t":"2026-03-19T08:59:01.633","s":"s-78108c55","lvl":"INFO","tag":"ClipboardSessionManager","msg":"Session state transitioned","data":{"sessionId":"90296e6d-9a43-46eb-8ac4-65ba59a5a533","from":"SESSION_ACTIVE","event":"JsonCopied","to":"AWAITING_PASTE"}}
{"t":"2026-03-19T08:59:38.931","s":"s-78108c55","lvl":"INFO","tag":"ClipboardSessionManager","msg":"Session state transitioned","data":{"sessionId":"90296e6d-9a43-46eb-8ac4-65ba59a5a533","from":"AWAITING_PASTE","event":"ResponsePasted","to":"SESSION_ACTIVE"}}
{"t":"2026-03-19T08:59:38.946","s":"s-78108c55","lvl":"INFO","tag":"ClipboardSessionManager","msg":"Session state transitioned","data":{"sessionId":"90296e6d-9a43-46eb-8ac4-65ba59a5a533","from":"SESSION_ACTIVE","event":"JsonCopied","to":"AWAITING_PASTE"}}
{"t":"2026-03-19T09:00:41.307","s":"s-78108c55","lvl":"INFO","tag":"ClipboardSessionManager","msg":"Session state transitioned","data":{"sessionId":"90296e6d-9a43-46eb-8ac4-65ba59a5a533","from":"AWAITING_PASTE","event":"ResponsePasted","to":"SESSION_ACTIVE"}}
{"t":"2026-03-19T09:00:41.317","s":"s-78108c55","lvl":"INFO","tag":"ClipboardSessionManager","msg":"Session state transitioned","data":{"sessionId":"90296e6d-9a43-46eb-8ac4-65ba59a5a533","from":"SESSION_ACTIVE","event":"JsonCopied","to":"AWAITING_PASTE"}}
{"t":"2026-03-19T09:04:33.217","s":"s-78108c55","lvl":"INFO","tag":"ClipboardSessionManager","msg":"Session state transitioned","data":{"sessionId":"90296e6d-9a43-46eb-8ac4-65ba59a5a533","from":"AWAITING_PASTE","event":"ResponsePasted","to":"SESSION_ACTIVE"}}
{"t":"2026-03-19T09:04:33.225","s":"s-78108c55","lvl":"INFO","tag":"ClipboardSessionManager","msg":"Session state transitioned","data":{"sessionId":"90296e6d-9a43-46eb-8ac4-65ba59a5a533","from":"SESSION_ACTIVE","event":"JsonCopied","to":"AWAITING_PASTE"}}
{"t":"2026-03-19T09:05:43.640","s":"s-78108c55","lvl":"INFO","tag":"ClipboardSessionManager","msg":"Session state transitioned","data":{"sessionId":"90296e6d-9a43-46eb-8ac4-65ba59a5a533","from":"AWAITING_PASTE","event":"ResponsePasted","to":"SESSION_ACTIVE"}}
{"t":"2026-03-19T09:05:43.662","s":"s-78108c55","lvl":"INFO","tag":"ClipboardSessionManager","msg":"Session state transitioned","data":{"sessionId":"90296e6d-9a43-46eb-8ac4-65ba59a5a533","from":"SESSION_ACTIVE","event":"JsonCopied","to":"AWAITING_PASTE"}}
{"t":"2026-03-19T09:07:50.950","s":"s-78108c55","lvl":"INFO","tag":"ClipboardSessionManager","msg":"Session state transitioned","data":{"sessionId":"90296e6d-9a43-46eb-8ac4-65ba59a5a533","from":"AWAITING_PASTE","event":"ResponsePasted","to":"SESSION_ACTIVE"}}
{"t":"2026-03-19T09:09:05.073","s":"s-78108c55","lvl":"INFO","tag":"ClipboardSessionManager","msg":"Session state transitioned","data":{"sessionId":"90296e6d-9a43-46eb-8ac4-65ba59a5a533","from":"SESSION_ACTIVE","event":"JsonCopied","to":"AWAITING_PASTE"}}
{"t":"2026-03-19T09:09:07.875","s":"s-78108c55","lvl":"INFO","tag":"ClipboardSessionManager","msg":"Session state transitioned","data":{"sessionId":"90296e6d-9a43-46eb-8ac4-65ba59a5a533","from":"AWAITING_PASTE","event":"ResponsePasted","to":"SESSION_ACTIVE"}}
{"t":"2026-03-19T09:09:11.995","s":"s-78108c55","lvl":"INFO","tag":"ClipboardSessionManager","msg":"Session state transitioned","data":{"sessionId":"90296e6d-9a43-46eb-8ac4-65ba59a5a533","from":"SESSION_ACTIVE","event":"JsonCopied","to":"AWAITING_PASTE"}}
{"t":"2026-03-19T09:09:16.600","s":"s-78108c55","lvl":"INFO","tag":"ClipboardSessionManager","msg":"Session state transitioned","data":{"sessionId":"90296e6d-9a43-46eb-8ac4-65ba59a5a533","from":"AWAITING_PASTE","event":"ResponsePasted","to":"SESSION_ACTIVE"}}
{"t":"2026-03-19T09:19:02.674","s":"s-78108c55","lvl":"INFO","tag":"ClipboardSessionManager","msg":"Session state transitioned","data":{"sessionId":"90296e6d-9a43-46eb-8ac4-65ba59a5a533","from":"SESSION_ACTIVE","event":"JsonCopied","to":"AWAITING_PASTE"}}
{"t":"2026-03-19T09:20:35.466","s":"s-78108c55","lvl":"INFO","tag":"ClipboardSessionManager","msg":"Session state transitioned","data":{"sessionId":"90296e6d-9a43-46eb-8ac4-65ba59a5a533","from":"AWAITING_PASTE","event":"ResponsePasted","to":"SESSION_ACTIVE"}}
{"t":"2026-03-19T09:20:35.475","s":"s-78108c55","lvl":"INFO","tag":"ClipboardSessionManager","msg":"Session state transitioned","data":{"sessionId":"90296e6d-9a43-46eb-8ac4-65ba59a5a533","from":"SESSION_ACTIVE","event":"JsonCopied","to":"AWAITING_PASTE"}}
{"t":"2026-03-19T09:24:49.231","s":"s-78108c55","lvl":"INFO","tag":"ClipboardSessionManager","msg":"Session state transitioned","data":{"sessionId":"90296e6d-9a43-46eb-8ac4-65ba59a5a533","from":"AWAITING_PASTE","event":"ResponsePasted","to":"SESSION_ACTIVE"}}
{"t":"2026-03-19T09:26:47.520","s":"s-78108c55","lvl":"INFO","tag":"ClipboardSessionManager","msg":"Session state transitioned","data":{"sessionId":"90296e6d-9a43-46eb-8ac4-65ba59a5a533","from":"SESSION_ACTIVE","event":"JsonCopied","to":"AWAITING_PASTE"}}
{"t":"2026-03-19T09:33:42.349","s":"s-78108c55","lvl":"INFO","tag":"ClipboardSessionManager","msg":"Session state transitioned","data":{"sessionId":"90296e6d-9a43-46eb-8ac4-65ba59a5a533","from":"AWAITING_PASTE","event":"ResponsePasted","to":"SESSION_ACTIVE"}}
{"t":"2026-03-19T21:41:23.042","s":"s-78108c55","lvl":"INFO","tag":"ClipboardSessionManager","msg":"Session state transitioned","data":{"sessionId":"90296e6d-9a43-46eb-8ac4-65ba59a5a533","from":"SESSION_ACTIVE","event":"JsonCopied","to":"AWAITING_PASTE"}}
{"t":"2026-03-19T21:41:48.597","s":"s-78108c55","lvl":"INFO","tag":"ClipboardSessionManager","msg":"Session state transitioned","data":{"sessionId":"90296e6d-9a43-46eb-8ac4-65ba59a5a533","from":"AWAITING_PASTE","event":"ResponsePasted","to":"SESSION_ACTIVE"}}
{"t":"2026-03-19T21:41:48.602","s":"s-78108c55","lvl":"INFO","tag":"ClipboardSessionManager","msg":"Session state transitioned","data":{"sessionId":"90296e6d-9a43-46eb-8ac4-65ba59a5a533","from":"SESSION_ACTIVE","event":"JsonCopied","to":"AWAITING_PASTE"}}
{"t":"2026-03-19T21:42:18.876","s":"s-78108c55","lvl":"INFO","tag":"ClipboardSessionManager","msg":"Session state transitioned","data":{"sessionId":"90296e6d-9a43-46eb-8ac4-65ba59a5a533","from":"AWAITING_PASTE","event":"ResponsePasted","to":"SESSION_ACTIVE"}}
{"t":"2026-03-19T21:42:22.152","s":"s-78108c55","lvl":"INFO","tag":"ClipboardSessionManager","msg":"Session state transitioned","data":{"sessionId":"90296e6d-9a43-46eb-8ac4-65ba59a5a533","from":"SESSION_ACTIVE","event":"JsonCopied","to":"AWAITING_PASTE"}}
{"t":"2026-03-19T21:42:27.372","s":"s-78108c55","lvl":"INFO","tag":"ClipboardSessionManager","msg":"Session state transitioned","data":{"sessionId":"90296e6d-9a43-46eb-8ac4-65ba59a5a533","from":"AWAITING_PASTE","event":"ResponsePasted","to":"SESSION_ACTIVE"}}
{"t":"2026-03-19T21:42:27.377","s":"s-78108c55","lvl":"INFO","tag":"ClipboardSessionManager","msg":"Session state transitioned","data":{"sessionId":"90296e6d-9a43-46eb-8ac4-65ba59a5a533","from":"SESSION_ACTIVE","event":"JsonCopied","to":"AWAITING_PASTE"}}
{"t":"2026-03-19T21:43:35.548","s":"s-78108c55","lvl":"INFO","tag":"ClipboardSessionManager","msg":"Session state transitioned","data":{"sessionId":"90296e6d-9a43-46eb-8ac4-65ba59a5a533","from":"AWAITING_PASTE","event":"ResponsePasted","to":"SESSION_ACTIVE"}}
{"t":"2026-03-19T21:43:46.267","s":"s-78108c55","lvl":"INFO","tag":"ClipboardSessionManager","msg":"Session state transitioned","data":{"sessionId":"90296e6d-9a43-46eb-8ac4-65ba59a5a533","from":"SESSION_ACTIVE","event":"JsonCopied","to":"AWAITING_PASTE"}}
{"t":"2026-03-19T21:44:21.234","s":"s-78108c55","lvl":"INFO","tag":"ClipboardSessionManager","msg":"Session state transitioned","data":{"sessionId":"90296e6d-9a43-46eb-8ac4-65ba59a5a533","from":"AWAITING_PASTE","event":"ResponsePasted","to":"SESSION_ACTIVE"}}
{"t":"2026-03-19T21:44:21.238","s":"s-78108c55","lvl":"INFO","tag":"ClipboardSessionManager","msg":"Session state transitioned","data":{"sessionId":"90296e6d-9a43-46eb-8ac4-65ba59a5a533","from":"SESSION_ACTIVE","event":"JsonCopied","to":"AWAITING_PASTE"}}
{"t":"2026-03-19T21:47:28.610","s":"s-78108c55","lvl":"INFO","tag":"ClipboardSessionManager","msg":"Session state transitioned","data":{"sessionId":"90296e6d-9a43-46eb-8ac4-65ba59a5a533","from":"AWAITING_PASTE","event":"ResponsePasted","to":"SESSION_ACTIVE"}}
{"t":"2026-03-19T21:48:31.858","s":"s-78108c55","lvl":"INFO","tag":"ClipboardSessionManager","msg":"Session state transitioned","data":{"sessionId":"90296e6d-9a43-46eb-8ac4-65ba59a5a533","from":"SESSION_ACTIVE","event":"JsonCopied","to":"AWAITING_PASTE"}}
{"t":"2026-03-19T21:49:05.318","s":"s-78108c55","lvl":"INFO","tag":"ClipboardSessionManager","msg":"Session state transitioned","data":{"sessionId":"90296e6d-9a43-46eb-8ac4-65ba59a5a533","from":"AWAITING_PASTE","event":"ResponsePasted","to":"SESSION_ACTIVE"}}
{"t":"2026-03-19T22:00:38.685","s":"s-78108c55","lvl":"INFO","tag":"ClipboardSessionManager","msg":"Session state transitioned","data":{"sessionId":"90296e6d-9a43-46eb-8ac4-65ba59a5a533","from":"SESSION_ACTIVE","event":"JsonCopied","to":"AWAITING_PASTE"}}
{"t":"2026-03-19T22:01:18.154","s":"s-78108c55","lvl":"INFO","tag":"ClipboardSessionManager","msg":"Session state transitioned","data":{"sessionId":"90296e6d-9a43-46eb-8ac4-65ba59a5a533","from":"AWAITING_PASTE","event":"ResponsePasted","to":"SESSION_ACTIVE"}}
{"t":"2026-03-19T22:01:18.158","s":"s-78108c55","lvl":"INFO","tag":"ClipboardSessionManager","msg":"Session state transitioned","data":{"sessionId":"90296e6d-9a43-46eb-8ac4-65ba59a5a533","from":"SESSION_ACTIVE","event":"JsonCopied","to":"AWAITING_PASTE"}}
{"t":"2026-03-19T22:04:08.983","s":"s-78108c55","lvl":"INFO","tag":"ClipboardSessionManager","msg":"Session state transitioned","data":{"sessionId":"90296e6d-9a43-46eb-8ac4-65ba59a5a533","from":"AWAITING_PASTE","event":"ResponsePasted","to":"SESSION_ACTIVE"}}
{"t":"2026-03-19T22:04:58.397","s":"s-78108c55","lvl":"INFO","tag":"ClipboardSessionManager","msg":"Session state transitioned","data":{"sessionId":"90296e6d-9a43-46eb-8ac4-65ba59a5a533","from":"SESSION_ACTIVE","event":"JsonCopied","to":"AWAITING_PASTE"}}
{"t":"2026-03-19T22:05:20.121","s":"s-78108c55","lvl":"INFO","tag":"ClipboardSessionManager","msg":"Session state transitioned","data":{"sessionId":"90296e6d-9a43-46eb-8ac4-65ba59a5a533","from":"AWAITING_PASTE","event":"ResponsePasted","to":"SESSION_ACTIVE"}}
{"t":"2026-03-19T22:05:20.130","s":"s-78108c55","lvl":"INFO","tag":"ClipboardSessionManager","msg":"Session state transitioned","data":{"sessionId":"90296e6d-9a43-46eb-8ac4-65ba59a5a533","from":"SESSION_ACTIVE","event":"JsonCopied","to":"AWAITING_PASTE"}}
{"t":"2026-03-19T22:09:23.839","s":"s-78108c55","lvl":"INFO","tag":"ClipboardSessionManager","msg":"Session state transitioned","data":{"sessionId":"90296e6d-9a43-46eb-8ac4-65ba59a5a533","from":"AWAITING_PASTE","event":"ResponsePasted","to":"SESSION_ACTIVE"}}
{"t":"2026-03-19T22:09:26.197","s":"s-78108c55","lvl":"INFO","tag":"ClipboardSessionManager","msg":"Session state transitioned","data":{"sessionId":"90296e6d-9a43-46eb-8ac4-65ba59a5a533","from":"SESSION_ACTIVE","event":"JsonCopied","to":"AWAITING_PASTE"}}
{"t":"2026-03-19T22:11:44.580","s":"s-78108c55","lvl":"INFO","tag":"ClipboardSessionManager","msg":"Session state transitioned","data":{"sessionId":"90296e6d-9a43-46eb-8ac4-65ba59a5a533","from":"AWAITING_PASTE","event":"ResponsePasted","to":"SESSION_ACTIVE"}}
{"t":"2026-03-19T22:17:53.225","s":"s-78108c55","lvl":"INFO","tag":"ClipboardSessionManager","msg":"Session state transitioned","data":{"sessionId":"90296e6d-9a43-46eb-8ac4-65ba59a5a533","from":"SESSION_ACTIVE","event":"JsonCopied","to":"AWAITING_PASTE"}}
{"t":"2026-03-19T22:18:19.007","s":"s-78108c55","lvl":"INFO","tag":"ClipboardSessionManager","msg":"Session state transitioned","data":{"sessionId":"90296e6d-9a43-46eb-8ac4-65ba59a5a533","from":"AWAITING_PASTE","event":"ResponsePasted","to":"SESSION_ACTIVE"}}
{"t":"2026-03-19T22:18:19.014","s":"s-78108c55","lvl":"INFO","tag":"ClipboardSessionManager","msg":"Session state transitioned","data":{"sessionId":"90296e6d-9a43-46eb-8ac4-65ba59a5a533","from":"SESSION_ACTIVE","event":"JsonCopied","to":"AWAITING_PASTE"}}
{"t":"2026-03-19T22:21:38.119","s":"s-78108c55","lvl":"INFO","tag":"ClipboardSessionManager","msg":"Session state transitioned","data":{"sessionId":"cbda830d-b8b7-4a0f-a6a2-2d4aee658261","from":"IDLE","event":"StartSession","to":"SESSION_ACTIVE"}}
{"t":"2026-03-19T22:21:38.242","s":"s-78108c55","lvl":"INFO","tag":"ClipboardSessionManager","msg":"Session state transitioned","data":{"sessionId":"cbda830d-b8b7-4a0f-a6a2-2d4aee658261","from":"SESSION_ACTIVE","event":"JsonCopied","to":"AWAITING_PASTE"}}
{"t":"2026-03-19T22:22:06.769","s":"s-78108c55","lvl":"INFO","tag":"ClipboardSessionManager","msg":"Session state transitioned","data":{"sessionId":"cbda830d-b8b7-4a0f-a6a2-2d4aee658261","from":"AWAITING_PASTE","event":"ResponsePasted","to":"SESSION_ACTIVE"}}
{"t":"2026-03-19T22:22:06.778","s":"s-78108c55","lvl":"INFO","tag":"ClipboardSessionManager","msg":"Session state transitioned","data":{"sessionId":"cbda830d-b8b7-4a0f-a6a2-2d4aee658261","from":"SESSION_ACTIVE","event":"JsonCopied","to":"AWAITING_PASTE"}}
{"t":"2026-03-19T22:22:46.567","s":"s-78108c55","lvl":"INFO","tag":"ClipboardSessionManager","msg":"Session state transitioned","data":{"sessionId":"cbda830d-b8b7-4a0f-a6a2-2d4aee658261","from":"AWAITING_PASTE","event":"ResponsePasted","to":"SESSION_ACTIVE"}}
{"t":"2026-03-19T22:22:46.573","s":"s-78108c55","lvl":"INFO","tag":"ClipboardSessionManager","msg":"Session state transitioned","data":{"sessionId":"cbda830d-b8b7-4a0f-a6a2-2d4aee658261","from":"SESSION_ACTIVE","event":"JsonCopied","to":"AWAITING_PASTE"}}
{"t":"2026-03-19T22:23:37.835","s":"s-78108c55","lvl":"INFO","tag":"ClipboardSessionManager","msg":"Session state transitioned","data":{"sessionId":"cbda830d-b8b7-4a0f-a6a2-2d4aee658261","from":"AWAITING_PASTE","event":"ResponsePasted","to":"SESSION_ACTIVE"}}
{"t":"2026-03-19T22:24:30.308","s":"s-78108c55","lvl":"INFO","tag":"ClipboardSessionManager","msg":"Session state transitioned","data":{"sessionId":"cbda830d-b8b7-4a0f-a6a2-2d4aee658261","from":"SESSION_ACTIVE","event":"JsonCopied","to":"AWAITING_PASTE"}}
{"t":"2026-03-19T22:27:40.829","s":"s-78108c55","lvl":"INFO","tag":"ClipboardSessionManager","msg":"Session state transitioned","data":{"sessionId":"cbda830d-b8b7-4a0f-a6a2-2d4aee658261","from":"AWAITING_PASTE","event":"ResponsePasted","to":"SESSION_ACTIVE"}}
{"t":"2026-03-19T22:33:05.943","s":"s-78108c55","lvl":"INFO","tag":"ClipboardSessionManager","msg":"Session state transitioned","data":{"sessionId":"cbda830d-b8b7-4a0f-a6a2-2d4aee658261","from":"SESSION_ACTIVE","event":"JsonCopied","to":"AWAITING_PASTE"}}
{"t":"2026-03-19T22:34:47.516","s":"s-78108c55","lvl":"INFO","tag":"ClipboardSessionManager","msg":"Session state transitioned","data":{"sessionId":"cbda830d-b8b7-4a0f-a6a2-2d4aee658261","from":"AWAITING_PASTE","event":"ResponsePasted","to":"SESSION_ACTIVE"}}
{"t":"2026-03-19T22:34:47.521","s":"s-78108c55","lvl":"INFO","tag":"ClipboardSessionManager","msg":"Session state transitioned","data":{"sessionId":"cbda830d-b8b7-4a0f-a6a2-2d4aee658261","from":"SESSION_ACTIVE","event":"JsonCopied","to":"AWAITING_PASTE"}}
{"t":"2026-03-19T22:37:57.764","s":"s-78108c55","lvl":"INFO","tag":"ClipboardSessionManager","msg":"Session state transitioned","data":{"sessionId":"cbda830d-b8b7-4a0f-a6a2-2d4aee658261","from":"AWAITING_PASTE","event":"ResponsePasted","to":"SESSION_ACTIVE"}}
{"t":"2026-03-19T22:37:57.782","s":"s-78108c55","lvl":"INFO","tag":"ClipboardSessionManager","msg":"Session state transitioned","data":{"sessionId":"cbda830d-b8b7-4a0f-a6a2-2d4aee658261","from":"SESSION_ACTIVE","event":"JsonCopied","to":"AWAITING_PASTE"}}
{"t":"2026-03-19T22:40:01.011","s":"s-78108c55","lvl":"INFO","tag":"ClipboardSessionManager","msg":"Session state transitioned","data":{"sessionId":"cbda830d-b8b7-4a0f-a6a2-2d4aee658261","from":"AWAITING_PASTE","event":"ResponsePasted","to":"SESSION_ACTIVE"}}
{"t":"2026-03-19T22:40:41.742","s":"s-78108c55","lvl":"INFO","tag":"ClipboardSessionManager","msg":"Session state transitioned","data":{"sessionId":"cbda830d-b8b7-4a0f-a6a2-2d4aee658261","from":"SESSION_ACTIVE","event":"JsonCopied","to":"AWAITING_PASTE"}}
{"t":"2026-03-19T22:41:00.147","s":"s-78108c55","lvl":"INFO","tag":"ClipboardSessionManager","msg":"Session state transitioned","data":{"sessionId":"cbda830d-b8b7-4a0f-a6a2-2d4aee658261","from":"AWAITING_PASTE","event":"ResponsePasted","to":"SESSION_ACTIVE"}}
{"t":"2026-03-19T22:41:00.152","s":"s-78108c55","lvl":"INFO","tag":"ClipboardSessionManager","msg":"Session state transitioned","data":{"sessionId":"cbda830d-b8b7-4a0f-a6a2-2d4aee658261","from":"SESSION_ACTIVE","event":"JsonCopied","to":"AWAITING_PASTE"}}
{"t":"2026-03-19T22:41:35.607","s":"s-78108c55","lvl":"INFO","tag":"ClipboardSessionManager","msg":"Session state transitioned","data":{"sessionId":"cbda830d-b8b7-4a0f-a6a2-2d4aee658261","from":"AWAITING_PASTE","event":"ResponsePasted","to":"SESSION_ACTIVE"}}
{"t":"2026-03-19T22:42:12.013","s":"s-78108c55","lvl":"INFO","tag":"ClipboardSessionManager","msg":"Session state transitioned","data":{"sessionId":"cbda830d-b8b7-4a0f-a6a2-2d4aee658261","from":"SESSION_ACTIVE","event":"JsonCopied","to":"AWAITING_PASTE"}}
{"t":"2026-03-19T22:42:29.968","s":"s-78108c55","lvl":"INFO","tag":"ClipboardSessionManager","msg":"Session state transitioned","data":{"sessionId":"cbda830d-b8b7-4a0f-a6a2-2d4aee658261","from":"AWAITING_PASTE","event":"ResponsePasted","to":"SESSION_ACTIVE"}}
{"t":"2026-03-19T22:42:29.973","s":"s-78108c55","lvl":"INFO","tag":"ClipboardSessionManager","msg":"Session state transitioned","data":{"sessionId":"cbda830d-b8b7-4a0f-a6a2-2d4aee658261","from":"SESSION_ACTIVE","event":"JsonCopied","to":"AWAITING_PASTE"}}
{"t":"2026-03-19T22:43:22.687","s":"s-78108c55","lvl":"INFO","tag":"ClipboardSessionManager","msg":"Session state transitioned","data":{"sessionId":"cbda830d-b8b7-4a0f-a6a2-2d4aee658261","from":"AWAITING_PASTE","event":"ResponsePasted","to":"SESSION_ACTIVE"}}
{"t":"2026-03-19T22:43:46.184","s":"s-78108c55","lvl":"INFO","tag":"ClipboardSessionManager","msg":"Session state transitioned","data":{"sessionId":"cbda830d-b8b7-4a0f-a6a2-2d4aee658261","from":"SESSION_ACTIVE","event":"JsonCopied","to":"AWAITING_PASTE"}}
{"t":"2026-03-19T22:44:08.362","s":"s-78108c55","lvl":"INFO","tag":"ClipboardSessionManager","msg":"Session state transitioned","data":{"sessionId":"cbda830d-b8b7-4a0f-a6a2-2d4aee658261","from":"AWAITING_PASTE","event":"ResponsePasted","to":"SESSION_ACTIVE"}}
{"t":"2026-03-19T22:44:08.367","s":"s-78108c55","lvl":"INFO","tag":"ClipboardSessionManager","msg":"Session state transitioned","data":{"sessionId":"cbda830d-b8b7-4a0f-a6a2-2d4aee658261","from":"SESSION_ACTIVE","event":"JsonCopied","to":"AWAITING_PASTE"}}
{"t":"2026-03-19T22:44:57.342","s":"s-78108c55","lvl":"INFO","tag":"ClipboardSessionManager","msg":"Session state transitioned","data":{"sessionId":"cbda830d-b8b7-4a0f-a6a2-2d4aee658261","from":"AWAITING_PASTE","event":"ResponsePasted","to":"SESSION_ACTIVE"}}
{"t":"2026-03-19T22:45:21.630","s":"s-78108c55","lvl":"INFO","tag":"ClipboardSessionManager","msg":"Session state transitioned","data":{"sessionId":"cbda830d-b8b7-4a0f-a6a2-2d4aee658261","from":"SESSION_ACTIVE","event":"JsonCopied","to":"AWAITING_PASTE"}}
{"t":"2026-03-19T22:45:43.365","s":"s-78108c55","lvl":"INFO","tag":"ClipboardSessionManager","msg":"Session state transitioned","data":{"sessionId":"cbda830d-b8b7-4a0f-a6a2-2d4aee658261","from":"AWAITING_PASTE","event":"ResponsePasted","to":"SESSION_ACTIVE"}}
{"t":"2026-03-19T22:45:43.371","s":"s-78108c55","lvl":"INFO","tag":"ClipboardSessionManager","msg":"Session state transitioned","data":{"sessionId":"cbda830d-b8b7-4a0f-a6a2-2d4aee658261","from":"SESSION_ACTIVE","event":"JsonCopied","to":"AWAITING_PASTE"}}
{"t":"2026-03-19T22:46:10.173","s":"s-78108c55","lvl":"INFO","tag":"ClipboardSessionManager","msg":"Session state transitioned","data":{"sessionId":"cbda830d-b8b7-4a0f-a6a2-2d4aee658261","from":"AWAITING_PASTE","event":"ResponsePasted","to":"SESSION_ACTIVE"}}
{"t":"2026-03-19T22:46:58.936","s":"s-78108c55","lvl":"INFO","tag":"ClipboardSessionManager","msg":"Session state transitioned","data":{"sessionId":"cbda830d-b8b7-4a0f-a6a2-2d4aee658261","from":"SESSION_ACTIVE","event":"JsonCopied","to":"AWAITING_PASTE"}}
{"t":"2026-03-19T22:49:10.204","s":"s-78108c55","lvl":"INFO","tag":"ClipboardSessionManager","msg":"Session state transitioned","data":{"sessionId":"cbda830d-b8b7-4a0f-a6a2-2d4aee658261","from":"AWAITING_PASTE","event":"ResponsePasted","to":"SESSION_ACTIVE"}}
{"t":"2026-03-19T22:49:15.520","s":"s-78108c55","lvl":"INFO","tag":"ClipboardSessionManager","msg":"Session state transitioned","data":{"sessionId":"cbda830d-b8b7-4a0f-a6a2-2d4aee658261","from":"SESSION_ACTIVE","event":"JsonCopied","to":"AWAITING_PASTE"}}
{"t":"2026-03-19T22:49:20.711","s":"s-78108c55","lvl":"INFO","tag":"ClipboardSessionManager","msg":"Session state transitioned","data":{"sessionId":"cbda830d-b8b7-4a0f-a6a2-2d4aee658261","from":"AWAITING_PASTE","event":"ResponsePasted","to":"SESSION_ACTIVE"}}
{"t":"2026-03-19T22:55:32.026","s":"s-a8c2fc17","lvl":"SESSION","tag":"ProjectLogger","msg":"START","data":{"project":"MaxVibes","ideVersion":"2023.3.3","os":"Windows 11 10.0"}}
{"t":"2026-03-19T22:55:32.075","s":"s-a8c2fc17","lvl":"INFO","tag":"ClipboardSessionManager","msg":"Session state transitioned","data":{"sessionId":"2a8a445d-44de-4ded-8802-10240bdef342","from":"IDLE","event":"StartSession","to":"SESSION_ACTIVE"}}
{"t":"2026-03-19T22:55:32.253","s":"s-a8c2fc17","lvl":"INFO","tag":"ClipboardSessionManager","msg":"Session state transitioned","data":{"sessionId":"2a8a445d-44de-4ded-8802-10240bdef342","from":"SESSION_ACTIVE","event":"JsonCopied","to":"AWAITING_PASTE"}}
{"t":"2026-03-19T22:56:49.629","s":"s-a8c2fc17","lvl":"INFO","tag":"ClipboardSessionManager","msg":"Session state transitioned","data":{"sessionId":"2a8a445d-44de-4ded-8802-10240bdef342","from":"AWAITING_PASTE","event":"ResponsePasted","to":"SESSION_ACTIVE"}}
{"t":"2026-03-19T23:02:24.420","s":"s-a8c2fc17","lvl":"INFO","tag":"ClipboardSessionManager","msg":"Session state transitioned","data":{"sessionId":"5e3cd465-8fb5-4906-9af9-c5cc8e3ffe07","from":"IDLE","event":"StartSession","to":"SESSION_ACTIVE"}}
{"t":"2026-03-19T23:02:24.562","s":"s-a8c2fc17","lvl":"INFO","tag":"ClipboardSessionManager","msg":"Session state transitioned","data":{"sessionId":"5e3cd465-8fb5-4906-9af9-c5cc8e3ffe07","from":"SESSION_ACTIVE","event":"JsonCopied","to":"AWAITING_PASTE"}}
{"t":"2026-03-19T23:03:08.971","s":"s-a8c2fc17","lvl":"INFO","tag":"ClipboardSessionManager","msg":"Session state transitioned","data":{"sessionId":"5e3cd465-8fb5-4906-9af9-c5cc8e3ffe07","from":"AWAITING_PASTE","event":"ResponsePasted","to":"SESSION_ACTIVE"}}
{"t":"2026-03-19T23:03:09.012","s":"s-a8c2fc17","lvl":"INFO","tag":"ClipboardSessionManager","msg":"Session state transitioned","data":{"sessionId":"5e3cd465-8fb5-4906-9af9-c5cc8e3ffe07","from":"SESSION_ACTIVE","event":"JsonCopied","to":"AWAITING_PASTE"}}
{"t":"2026-03-19T23:06:18.898","s":"s-a8c2fc17","lvl":"INFO","tag":"ClipboardSessionManager","msg":"Session state transitioned","data":{"sessionId":"5e3cd465-8fb5-4906-9af9-c5cc8e3ffe07","from":"AWAITING_PASTE","event":"ResponsePasted","to":"SESSION_ACTIVE"}}
{"t":"2026-03-19T23:06:18.905","s":"s-a8c2fc17","lvl":"INFO","tag":"ClipboardSessionManager","msg":"Session state transitioned","data":{"sessionId":"5e3cd465-8fb5-4906-9af9-c5cc8e3ffe07","from":"SESSION_ACTIVE","event":"JsonCopied","to":"AWAITING_PASTE"}}
{"t":"2026-03-19T23:07:21.029","s":"s-a8c2fc17","lvl":"INFO","tag":"ClipboardSessionManager","msg":"Session state transitioned","data":{"sessionId":"5e3cd465-8fb5-4906-9af9-c5cc8e3ffe07","from":"AWAITING_PASTE","event":"ResponsePasted","to":"SESSION_ACTIVE"}}
{"t":"2026-03-19T23:07:50.369","s":"s-a8c2fc17","lvl":"INFO","tag":"ClipboardSessionManager","msg":"Session state transitioned","data":{"sessionId":"5e3cd465-8fb5-4906-9af9-c5cc8e3ffe07","from":"SESSION_ACTIVE","event":"JsonCopied","to":"AWAITING_PASTE"}}
{"t":"2026-03-19T23:08:21.217","s":"s-a8c2fc17","lvl":"INFO","tag":"ClipboardSessionManager","msg":"Session state transitioned","data":{"sessionId":"5e3cd465-8fb5-4906-9af9-c5cc8e3ffe07","from":"AWAITING_PASTE","event":"ResponsePasted","to":"SESSION_ACTIVE"}}
{"t":"2026-03-19T23:09:15.378","s":"s-a8c2fc17","lvl":"INFO","tag":"ClipboardSessionManager","msg":"Session state transitioned","data":{"sessionId":"5e3cd465-8fb5-4906-9af9-c5cc8e3ffe07","from":"SESSION_ACTIVE","event":"JsonCopied","to":"AWAITING_PASTE"}}
{"t":"2026-03-19T23:09:34.288","s":"s-a8c2fc17","lvl":"INFO","tag":"ClipboardSessionManager","msg":"Session state transitioned","data":{"sessionId":"5e3cd465-8fb5-4906-9af9-c5cc8e3ffe07","from":"AWAITING_PASTE","event":"ResponsePasted","to":"SESSION_ACTIVE"}}
{"t":"2026-03-19T23:10:31.174","s":"s-a8c2fc17","lvl":"INFO","tag":"ClipboardSessionManager","msg":"Session state transitioned","data":{"sessionId":"5e3cd465-8fb5-4906-9af9-c5cc8e3ffe07","from":"SESSION_ACTIVE","event":"JsonCopied","to":"AWAITING_PASTE"}}
{"t":"2026-03-19T23:10:51.694","s":"s-a8c2fc17","lvl":"INFO","tag":"ClipboardSessionManager","msg":"Session state transitioned","data":{"sessionId":"5e3cd465-8fb5-4906-9af9-c5cc8e3ffe07","from":"AWAITING_PASTE","event":"ResponsePasted","to":"SESSION_ACTIVE"}}
{"t":"2026-03-19T23:11:06.829","s":"s-a8c2fc17","lvl":"INFO","tag":"ClipboardSessionManager","msg":"Session state transitioned","data":{"sessionId":"5e3cd465-8fb5-4906-9af9-c5cc8e3ffe07","from":"SESSION_ACTIVE","event":"JsonCopied","to":"AWAITING_PASTE"}}
{"t":"2026-03-19T23:14:33.970","s":"s-a8c2fc17","lvl":"INFO","tag":"ClipboardSessionManager","msg":"Session state transitioned","data":{"sessionId":"5e3cd465-8fb5-4906-9af9-c5cc8e3ffe07","from":"AWAITING_PASTE","event":"ResponsePasted","to":"SESSION_ACTIVE"}}
{"t":"2026-03-19T23:19:18.922","s":"s-a8c2fc17","lvl":"INFO","tag":"ClipboardSessionManager","msg":"Session state transitioned","data":{"sessionId":"5e3cd465-8fb5-4906-9af9-c5cc8e3ffe07","from":"SESSION_ACTIVE","event":"JsonCopied","to":"AWAITING_PASTE"}}
{"t":"2026-03-19T23:20:34.106","s":"s-a8c2fc17","lvl":"INFO","tag":"ClipboardSessionManager","msg":"Session state transitioned","data":{"sessionId":"5e3cd465-8fb5-4906-9af9-c5cc8e3ffe07","from":"AWAITING_PASTE","event":"ResponsePasted","to":"SESSION_ACTIVE"}}
{"t":"2026-03-19T23:28:20.111","s":"s-a8c2fc17","lvl":"INFO","tag":"ClipboardSessionManager","msg":"Session state transitioned","data":{"sessionId":"5e3cd465-8fb5-4906-9af9-c5cc8e3ffe07","from":"SESSION_ACTIVE","event":"JsonCopied","to":"AWAITING_PASTE"}}
{"t":"2026-03-19T23:30:26.703","s":"s-a8c2fc17","lvl":"INFO","tag":"ClipboardSessionManager","msg":"Session state transitioned","data":{"sessionId":"5e3cd465-8fb5-4906-9af9-c5cc8e3ffe07","from":"AWAITING_PASTE","event":"ResponsePasted","to":"SESSION_ACTIVE"}}
{"t":"2026-03-19T23:33:32.545","s":"s-a8c2fc17","lvl":"INFO","tag":"ClipboardSessionManager","msg":"Session state transitioned","data":{"sessionId":"7b3c2677-a826-497a-b325-2f300154cc98","from":"IDLE","event":"StartSession","to":"SESSION_ACTIVE"}}
{"t":"2026-03-19T23:33:32.622","s":"s-a8c2fc17","lvl":"INFO","tag":"ClipboardSessionManager","msg":"Session state transitioned","data":{"sessionId":"7b3c2677-a826-497a-b325-2f300154cc98","from":"SESSION_ACTIVE","event":"JsonCopied","to":"AWAITING_PASTE"}}
{"t":"2026-03-19T23:47:54.319","s":"s-a8c2fc17","lvl":"INFO","tag":"ClipboardSessionManager","msg":"Session state transitioned","data":{"sessionId":"7b3c2677-a826-497a-b325-2f300154cc98","from":"AWAITING_PASTE","event":"ResponsePasted","to":"SESSION_ACTIVE"}}
{"t":"2026-03-19T23:53:52.953","s":"s-a8c2fc17","lvl":"INFO","tag":"ClipboardSessionManager","msg":"Session state transitioned","data":{"sessionId":"7b3c2677-a826-497a-b325-2f300154cc98","from":"SESSION_ACTIVE","event":"JsonCopied","to":"AWAITING_PASTE"}}
{"t":"2026-03-19T23:58:33.885","s":"s-a8c2fc17","lvl":"INFO","tag":"ClipboardSessionManager","msg":"Session state transitioned","data":{"sessionId":"7b3c2677-a826-497a-b325-2f300154cc98","from":"AWAITING_PASTE","event":"ResponsePasted","to":"SESSION_ACTIVE"}}
{"t":"2026-03-20T00:00:10.788","s":"s-a8c2fc17","lvl":"INFO","tag":"ClipboardSessionManager","msg":"Session state transitioned","data":{"sessionId":"b9155a6d-df6b-4546-95c3-4a67b423a603","from":"IDLE","event":"StartSession","to":"SESSION_ACTIVE"}}
{"t":"2026-03-20T00:00:10.882","s":"s-a8c2fc17","lvl":"INFO","tag":"ClipboardSessionManager","msg":"Session state transitioned","data":{"sessionId":"b9155a6d-df6b-4546-95c3-4a67b423a603","from":"SESSION_ACTIVE","event":"JsonCopied","to":"AWAITING_PASTE"}}
{"t":"2026-03-20T00:03:08.954","s":"s-a8c2fc17","lvl":"INFO","tag":"ClipboardSessionManager","msg":"Session state transitioned","data":{"sessionId":"b9155a6d-df6b-4546-95c3-4a67b423a603","from":"AWAITING_PASTE","event":"ResponsePasted","to":"SESSION_ACTIVE"}}
{"t":"2026-03-20T00:05:37.172","s":"s-a8c2fc17","lvl":"INFO","tag":"ClipboardSessionManager","msg":"Session state transitioned","data":{"sessionId":"0b6e3981-0efc-46ef-8163-2ef6a6bda52a","from":"IDLE","event":"StartSession","to":"SESSION_ACTIVE"}}
{"t":"2026-03-20T00:05:37.253","s":"s-a8c2fc17","lvl":"INFO","tag":"ClipboardSessionManager","msg":"Session state transitioned","data":{"sessionId":"0b6e3981-0efc-46ef-8163-2ef6a6bda52a","from":"SESSION_ACTIVE","event":"JsonCopied","to":"AWAITING_PASTE"}}
{"t":"2026-03-20T00:05:58.535","s":"s-a8c2fc17","lvl":"INFO","tag":"ClipboardSessionManager","msg":"Session state transitioned","data":{"sessionId":"0b6e3981-0efc-46ef-8163-2ef6a6bda52a","from":"AWAITING_PASTE","event":"ResponsePasted","to":"SESSION_ACTIVE"}}
{"t":"2026-03-20T00:05:58.543","s":"s-a8c2fc17","lvl":"INFO","tag":"ClipboardSessionManager","msg":"Session state transitioned","data":{"sessionId":"0b6e3981-0efc-46ef-8163-2ef6a6bda52a","from":"SESSION_ACTIVE","event":"JsonCopied","to":"AWAITING_PASTE"}}
{"t":"2026-03-20T00:06:50.675","s":"s-a8c2fc17","lvl":"INFO","tag":"ClipboardSessionManager","msg":"Session state transitioned","data":{"sessionId":"0b6e3981-0efc-46ef-8163-2ef6a6bda52a","from":"AWAITING_PASTE","event":"ResponsePasted","to":"SESSION_ACTIVE"}}
{"t":"2026-03-20T00:07:13.309","s":"s-a8c2fc17","lvl":"INFO","tag":"ClipboardSessionManager","msg":"Session state transitioned","data":{"sessionId":"0b6e3981-0efc-46ef-8163-2ef6a6bda52a","from":"SESSION_ACTIVE","event":"JsonCopied","to":"AWAITING_PASTE"}}
{"t":"2026-03-20T00:07:38.408","s":"s-a8c2fc17","lvl":"INFO","tag":"ClipboardSessionManager","msg":"Session state transitioned","data":{"sessionId":"0b6e3981-0efc-46ef-8163-2ef6a6bda52a","from":"AWAITING_PASTE","event":"ResponsePasted","to":"SESSION_ACTIVE"}}
{"t":"2026-03-20T00:07:38.412","s":"s-a8c2fc17","lvl":"INFO","tag":"ClipboardSessionManager","msg":"Session state transitioned","data":{"sessionId":"0b6e3981-0efc-46ef-8163-2ef6a6bda52a","from":"SESSION_ACTIVE","event":"JsonCopied","to":"AWAITING_PASTE"}}
{"t":"2026-03-20T00:07:56.400","s":"s-a8c2fc17","lvl":"INFO","tag":"ClipboardSessionManager","msg":"Session state transitioned","data":{"sessionId":"0b6e3981-0efc-46ef-8163-2ef6a6bda52a","from":"AWAITING_PASTE","event":"ResponsePasted","to":"SESSION_ACTIVE"}}
{"t":"2026-03-20T00:09:21.549","s":"s-a8c2fc17","lvl":"INFO","tag":"ClipboardSessionManager","msg":"Session state transitioned","data":{"sessionId":"c14c07f3-f3a8-45cb-a229-293df15b29f4","from":"IDLE","event":"StartSession","to":"SESSION_ACTIVE"}}
{"t":"2026-03-20T00:09:21.631","s":"s-a8c2fc17","lvl":"INFO","tag":"ClipboardSessionManager","msg":"Session state transitioned","data":{"sessionId":"c14c07f3-f3a8-45cb-a229-293df15b29f4","from":"SESSION_ACTIVE","event":"JsonCopied","to":"AWAITING_PASTE"}}
{"t":"2026-03-20T00:09:45.433","s":"s-a8c2fc17","lvl":"INFO","tag":"ClipboardSessionManager","msg":"Session state transitioned","data":{"sessionId":"c14c07f3-f3a8-45cb-a229-293df15b29f4","from":"AWAITING_PASTE","event":"ResponsePasted","to":"SESSION_ACTIVE"}}
{"t":"2026-03-20T00:09:45.439","s":"s-a8c2fc17","lvl":"INFO","tag":"ClipboardSessionManager","msg":"Session state transitioned","data":{"sessionId":"c14c07f3-f3a8-45cb-a229-293df15b29f4","from":"SESSION_ACTIVE","event":"JsonCopied","to":"AWAITING_PASTE"}}
{"t":"2026-03-20T00:10:41.423","s":"s-a8c2fc17","lvl":"INFO","tag":"ClipboardSessionManager","msg":"Session state transitioned","data":{"sessionId":"c14c07f3-f3a8-45cb-a229-293df15b29f4","from":"AWAITING_PASTE","event":"ResponsePasted","to":"SESSION_ACTIVE"}}
{"t":"2026-03-20T00:10:41.426","s":"s-a8c2fc17","lvl":"INFO","tag":"ClipboardSessionManager","msg":"Session state transitioned","data":{"sessionId":"c14c07f3-f3a8-45cb-a229-293df15b29f4","from":"SESSION_ACTIVE","event":"JsonCopied","to":"AWAITING_PASTE"}}
{"t":"2026-03-20T00:12:41.320","s":"s-a8c2fc17","lvl":"INFO","tag":"ClipboardSessionManager","msg":"Session state transitioned","data":{"sessionId":"c14c07f3-f3a8-45cb-a229-293df15b29f4","from":"AWAITING_PASTE","event":"ResponsePasted","to":"SESSION_ACTIVE"}}
{"t":"2026-03-20T00:13:01.646","s":"s-a8c2fc17","lvl":"INFO","tag":"ClipboardSessionManager","msg":"Session state transitioned","data":{"sessionId":"c14c07f3-f3a8-45cb-a229-293df15b29f4","from":"SESSION_ACTIVE","event":"JsonCopied","to":"AWAITING_PASTE"}}
{"t":"2026-03-20T00:13:05.270","s":"s-a8c2fc17","lvl":"INFO","tag":"ClipboardSessionManager","msg":"Session state transitioned","data":{"sessionId":"c14c07f3-f3a8-45cb-a229-293df15b29f4","from":"AWAITING_PASTE","event":"ResponsePasted","to":"SESSION_ACTIVE"}}
{"t":"2026-03-20T00:13:08.070","s":"s-a8c2fc17","lvl":"INFO","tag":"ClipboardSessionManager","msg":"Session state transitioned","data":{"sessionId":"c14c07f3-f3a8-45cb-a229-293df15b29f4","from":"SESSION_ACTIVE","event":"JsonCopied","to":"AWAITING_PASTE"}}
{"t":"2026-03-20T00:13:11.800","s":"s-a8c2fc17","lvl":"INFO","tag":"ClipboardSessionManager","msg":"Session state transitioned","data":{"sessionId":"c14c07f3-f3a8-45cb-a229-293df15b29f4","from":"AWAITING_PASTE","event":"ResponsePasted","to":"SESSION_ACTIVE"}}
{"t":"2026-03-20T00:13:29.370","s":"s-a8c2fc17","lvl":"INFO","tag":"ClipboardSessionManager","msg":"Session state transitioned","data":{"sessionId":"c14c07f3-f3a8-45cb-a229-293df15b29f4","from":"SESSION_ACTIVE","event":"JsonCopied","to":"AWAITING_PASTE"}}
{"t":"2026-03-20T00:13:48.696","s":"s-a8c2fc17","lvl":"INFO","tag":"ClipboardSessionManager","msg":"Session state transitioned","data":{"sessionId":"c14c07f3-f3a8-45cb-a229-293df15b29f4","from":"AWAITING_PASTE","event":"ResponsePasted","to":"SESSION_ACTIVE"}}
{"t":"2026-03-20T00:13:48.701","s":"s-a8c2fc17","lvl":"INFO","tag":"ClipboardSessionManager","msg":"Session state transitioned","data":{"sessionId":"c14c07f3-f3a8-45cb-a229-293df15b29f4","from":"SESSION_ACTIVE","event":"JsonCopied","to":"AWAITING_PASTE"}}
{"t":"2026-03-20T00:14:27.096","s":"s-a8c2fc17","lvl":"INFO","tag":"ClipboardSessionManager","msg":"Session state transitioned","data":{"sessionId":"c14c07f3-f3a8-45cb-a229-293df15b29f4","from":"AWAITING_PASTE","event":"ResponsePasted","to":"SESSION_ACTIVE"}}
{"t":"2026-03-20T00:15:56.284","s":"s-a8c2fc17","lvl":"INFO","tag":"ClipboardSessionManager","msg":"Session state transitioned","data":{"sessionId":"020c73ca-7013-4626-af3d-3292fc0f0195","from":"IDLE","event":"StartSession","to":"SESSION_ACTIVE"}}
{"t":"2026-03-20T00:15:56.377","s":"s-a8c2fc17","lvl":"INFO","tag":"ClipboardSessionManager","msg":"Session state transitioned","data":{"sessionId":"020c73ca-7013-4626-af3d-3292fc0f0195","from":"SESSION_ACTIVE","event":"JsonCopied","to":"AWAITING_PASTE"}}
{"t":"2026-03-20T00:17:49.708","s":"s-a8c2fc17","lvl":"INFO","tag":"ClipboardSessionManager","msg":"Session state transitioned","data":{"sessionId":"020c73ca-7013-4626-af3d-3292fc0f0195","from":"AWAITING_PASTE","event":"ResponsePasted","to":"SESSION_ACTIVE"}}
{"t":"2026-03-20T00:19:11.694","s":"s-a8c2fc17","lvl":"INFO","tag":"ClipboardSessionManager","msg":"Session state transitioned","data":{"sessionId":"42899684-9852-43a5-8074-78299f010148","from":"IDLE","event":"StartSession","to":"SESSION_ACTIVE"}}
{"t":"2026-03-20T00:19:11.769","s":"s-a8c2fc17","lvl":"INFO","tag":"ClipboardSessionManager","msg":"Session state transitioned","data":{"sessionId":"42899684-9852-43a5-8074-78299f010148","from":"SESSION_ACTIVE","event":"JsonCopied","to":"AWAITING_PASTE"}}
{"t":"2026-03-20T00:19:39.805","s":"s-a8c2fc17","lvl":"INFO","tag":"ClipboardSessionManager","msg":"Session state transitioned","data":{"sessionId":"42899684-9852-43a5-8074-78299f010148","from":"AWAITING_PASTE","event":"ResponsePasted","to":"SESSION_ACTIVE"}}
{"t":"2026-03-20T00:19:39.810","s":"s-a8c2fc17","lvl":"INFO","tag":"ClipboardSessionManager","msg":"Session state transitioned","data":{"sessionId":"42899684-9852-43a5-8074-78299f010148","from":"SESSION_ACTIVE","event":"JsonCopied","to":"AWAITING_PASTE"}}
{"t":"2026-03-20T00:20:19.824","s":"s-a8c2fc17","lvl":"INFO","tag":"ClipboardSessionManager","msg":"Session state transitioned","data":{"sessionId":"42899684-9852-43a5-8074-78299f010148","from":"AWAITING_PASTE","event":"ResponsePasted","to":"SESSION_ACTIVE"}}
{"t":"2026-03-20T00:20:19.829","s":"s-a8c2fc17","lvl":"INFO","tag":"ClipboardSessionManager","msg":"Session state transitioned","data":{"sessionId":"42899684-9852-43a5-8074-78299f010148","from":"SESSION_ACTIVE","event":"JsonCopied","to":"AWAITING_PASTE"}}
{"t":"2026-03-20T00:20:41.124","s":"s-a8c2fc17","lvl":"INFO","tag":"ClipboardSessionManager","msg":"Session state transitioned","data":{"sessionId":"42899684-9852-43a5-8074-78299f010148","from":"AWAITING_PASTE","event":"ResponsePasted","to":"SESSION_ACTIVE"}}
{"t":"2026-03-20T00:20:41.128","s":"s-a8c2fc17","lvl":"INFO","tag":"ClipboardSessionManager","msg":"Session state transitioned","data":{"sessionId":"42899684-9852-43a5-8074-78299f010148","from":"SESSION_ACTIVE","event":"JsonCopied","to":"AWAITING_PASTE"}}
{"t":"2026-03-20T00:22:14.524","s":"s-a8c2fc17","lvl":"INFO","tag":"ClipboardSessionManager","msg":"Session state transitioned","data":{"sessionId":"42899684-9852-43a5-8074-78299f010148","from":"AWAITING_PASTE","event":"ResponsePasted","to":"SESSION_ACTIVE"}}
{"t":"2026-03-20T00:22:28.216","s":"s-a8c2fc17","lvl":"INFO","tag":"ClipboardSessionManager","msg":"Session state transitioned","data":{"sessionId":"42899684-9852-43a5-8074-78299f010148","from":"SESSION_ACTIVE","event":"JsonCopied","to":"AWAITING_PASTE"}}
{"t":"2026-03-20T00:22:48.574","s":"s-a8c2fc17","lvl":"INFO","tag":"ClipboardSessionManager","msg":"Session state transitioned","data":{"sessionId":"42899684-9852-43a5-8074-78299f010148","from":"AWAITING_PASTE","event":"ResponsePasted","to":"SESSION_ACTIVE"}}
{"t":"2026-03-20T00:22:48.578","s":"s-a8c2fc17","lvl":"INFO","tag":"ClipboardSessionManager","msg":"Session state transitioned","data":{"sessionId":"42899684-9852-43a5-8074-78299f010148","from":"SESSION_ACTIVE","event":"JsonCopied","to":"AWAITING_PASTE"}}
{"t":"2026-03-20T00:24:09.525","s":"s-a8c2fc17","lvl":"INFO","tag":"ClipboardSessionManager","msg":"Session state transitioned","data":{"sessionId":"42899684-9852-43a5-8074-78299f010148","from":"AWAITING_PASTE","event":"ResponsePasted","to":"SESSION_ACTIVE"}}
{"t":"2026-03-20T00:24:31.116","s":"s-a8c2fc17","lvl":"INFO","tag":"ClipboardSessionManager","msg":"Session state transitioned","data":{"sessionId":"42899684-9852-43a5-8074-78299f010148","from":"SESSION_ACTIVE","event":"JsonCopied","to":"AWAITING_PASTE"}}
{"t":"2026-03-20T00:27:02.771","s":"s-a8c2fc17","lvl":"INFO","tag":"ClipboardSessionManager","msg":"Session state transitioned","data":{"sessionId":"42899684-9852-43a5-8074-78299f010148","from":"AWAITING_PASTE","event":"ResponsePasted","to":"SESSION_ACTIVE"}}
{"t":"2026-03-20T00:37:31.681","s":"s-a8c2fc17","lvl":"INFO","tag":"ClipboardSessionManager","msg":"Session state transitioned","data":{"sessionId":"c47a677f-1d26-4201-b94d-c4b2df104811","from":"IDLE","event":"StartSession","to":"SESSION_ACTIVE"}}
{"t":"2026-03-20T00:37:31.734","s":"s-a8c2fc17","lvl":"INFO","tag":"ClipboardSessionManager","msg":"Session state transitioned","data":{"sessionId":"c47a677f-1d26-4201-b94d-c4b2df104811","from":"SESSION_ACTIVE","event":"JsonCopied","to":"AWAITING_PASTE"}}
{"t":"2026-03-20T18:57:21.338","s":"s-a8c2fc17","lvl":"INFO","tag":"ClipboardSessionManager","msg":"Session state transitioned","data":{"sessionId":"c47a677f-1d26-4201-b94d-c4b2df104811","from":"AWAITING_PASTE","event":"ResponsePasted","to":"SESSION_ACTIVE"}}
{"t":"2026-03-20T18:57:28.679","s":"s-a8c2fc17","lvl":"INFO","tag":"ClipboardSessionManager","msg":"Session state transitioned","data":{"sessionId":"c47a677f-1d26-4201-b94d-c4b2df104811","from":"SESSION_ACTIVE","event":"JsonCopied","to":"AWAITING_PASTE"}}
{"t":"2026-03-20T18:59:58.365","s":"s-a8c2fc17","lvl":"INFO","tag":"ClipboardSessionManager","msg":"Session state transitioned","data":{"sessionId":"c47a677f-1d26-4201-b94d-c4b2df104811","from":"AWAITING_PASTE","event":"ResponsePasted","to":"SESSION_ACTIVE"}}
{"t":"2026-03-20T19:01:20.171","s":"s-a8c2fc17","lvl":"INFO","tag":"ClipboardSessionManager","msg":"Session state transitioned","data":{"sessionId":"c47a677f-1d26-4201-b94d-c4b2df104811","from":"SESSION_ACTIVE","event":"JsonCopied","to":"AWAITING_PASTE"}}
{"t":"2026-03-20T19:01:43.240","s":"s-a8c2fc17","lvl":"INFO","tag":"ClipboardSessionManager","msg":"Session state transitioned","data":{"sessionId":"c47a677f-1d26-4201-b94d-c4b2df104811","from":"AWAITING_PASTE","event":"ResponsePasted","to":"SESSION_ACTIVE"}}
{"t":"2026-03-20T19:01:43.248","s":"s-a8c2fc17","lvl":"INFO","tag":"ClipboardSessionManager","msg":"Session state transitioned","data":{"sessionId":"c47a677f-1d26-4201-b94d-c4b2df104811","from":"SESSION_ACTIVE","event":"JsonCopied","to":"AWAITING_PASTE"}}
{"t":"2026-03-20T19:02:12.573","s":"s-a8c2fc17","lvl":"INFO","tag":"ClipboardSessionManager","msg":"Session state transitioned","data":{"sessionId":"c47a677f-1d26-4201-b94d-c4b2df104811","from":"AWAITING_PASTE","event":"ResponsePasted","to":"SESSION_ACTIVE"}}
{"t":"2026-03-20T19:02:12.577","s":"s-a8c2fc17","lvl":"INFO","tag":"ClipboardSessionManager","msg":"Session state transitioned","data":{"sessionId":"c47a677f-1d26-4201-b94d-c4b2df104811","from":"SESSION_ACTIVE","event":"JsonCopied","to":"AWAITING_PASTE"}}
{"t":"2026-03-20T19:03:14.611","s":"s-a8c2fc17","lvl":"INFO","tag":"ClipboardSessionManager","msg":"Session state transitioned","data":{"sessionId":"c47a677f-1d26-4201-b94d-c4b2df104811","from":"AWAITING_PASTE","event":"ResponsePasted","to":"SESSION_ACTIVE"}}
{"t":"2026-03-20T19:03:41.743","s":"s-a8c2fc17","lvl":"INFO","tag":"ClipboardSessionManager","msg":"Session state transitioned","data":{"sessionId":"c47a677f-1d26-4201-b94d-c4b2df104811","from":"SESSION_ACTIVE","event":"JsonCopied","to":"AWAITING_PASTE"}}
{"t":"2026-03-20T19:03:47.310","s":"s-a8c2fc17","lvl":"INFO","tag":"ClipboardSessionManager","msg":"Session state transitioned","data":{"sessionId":"c47a677f-1d26-4201-b94d-c4b2df104811","from":"AWAITING_PASTE","event":"ResponsePasted","to":"SESSION_ACTIVE"}}
{"t":"2026-03-20T19:06:01.039","s":"s-a8c2fc17","lvl":"INFO","tag":"ClipboardSessionManager","msg":"Session state transitioned","data":{"sessionId":"c47a677f-1d26-4201-b94d-c4b2df104811","from":"SESSION_ACTIVE","event":"JsonCopied","to":"AWAITING_PASTE"}}
{"t":"2026-03-20T19:07:12.450","s":"s-a8c2fc17","lvl":"INFO","tag":"ClipboardSessionManager","msg":"Session state transitioned","data":{"sessionId":"c47a677f-1d26-4201-b94d-c4b2df104811","from":"AWAITING_PASTE","event":"ResponsePasted","to":"SESSION_ACTIVE"}}
{"t":"2026-03-20T19:08:28.068","s":"s-a8c2fc17","lvl":"INFO","tag":"ClipboardSessionManager","msg":"Session state transitioned","data":{"sessionId":"c47a677f-1d26-4201-b94d-c4b2df104811","from":"SESSION_ACTIVE","event":"JsonCopied","to":"AWAITING_PASTE"}}
{"t":"2026-03-20T19:09:53.765","s":"s-a8c2fc17","lvl":"INFO","tag":"ClipboardSessionManager","msg":"Session state transitioned","data":{"sessionId":"c47a677f-1d26-4201-b94d-c4b2df104811","from":"AWAITING_PASTE","event":"ResponsePasted","to":"SESSION_ACTIVE"}}
{"t":"2026-03-20T19:10:30.606","s":"s-a8c2fc17","lvl":"INFO","tag":"ClipboardSessionManager","msg":"Session state transitioned","data":{"sessionId":"c47a677f-1d26-4201-b94d-c4b2df104811","from":"SESSION_ACTIVE","event":"JsonCopied","to":"AWAITING_PASTE"}}
{"t":"2026-03-20T19:11:42.724","s":"s-a8c2fc17","lvl":"INFO","tag":"ClipboardSessionManager","msg":"Session state transitioned","data":{"sessionId":"c47a677f-1d26-4201-b94d-c4b2df104811","from":"AWAITING_PASTE","event":"ResponsePasted","to":"SESSION_ACTIVE"}}
{"t":"2026-03-20T19:12:54.056","s":"s-a8c2fc17","lvl":"INFO","tag":"ClipboardSessionManager","msg":"Session state transitioned","data":{"sessionId":"c47a677f-1d26-4201-b94d-c4b2df104811","from":"SESSION_ACTIVE","event":"JsonCopied","to":"AWAITING_PASTE"}}
{"t":"2026-03-20T19:13:31.109","s":"s-a8c2fc17","lvl":"INFO","tag":"ClipboardSessionManager","msg":"Session state transitioned","data":{"sessionId":"c47a677f-1d26-4201-b94d-c4b2df104811","from":"AWAITING_PASTE","event":"ResponsePasted","to":"SESSION_ACTIVE"}}
{"t":"2026-03-20T19:13:31.113","s":"s-a8c2fc17","lvl":"INFO","tag":"ClipboardSessionManager","msg":"Session state transitioned","data":{"sessionId":"c47a677f-1d26-4201-b94d-c4b2df104811","from":"SESSION_ACTIVE","event":"JsonCopied","to":"AWAITING_PASTE"}}
{"t":"2026-03-20T19:15:15.554","s":"s-a8c2fc17","lvl":"INFO","tag":"ClipboardSessionManager","msg":"Session state transitioned","data":{"sessionId":"c47a677f-1d26-4201-b94d-c4b2df104811","from":"AWAITING_PASTE","event":"ResponsePasted","to":"SESSION_ACTIVE"}}
{"t":"2026-03-20T19:17:02.576","s":"s-a8c2fc17","lvl":"INFO","tag":"ClipboardSessionManager","msg":"Session state transitioned","data":{"sessionId":"c47a677f-1d26-4201-b94d-c4b2df104811","from":"SESSION_ACTIVE","event":"JsonCopied","to":"AWAITING_PASTE"}}
{"t":"2026-03-20T19:17:42.688","s":"s-a8c2fc17","lvl":"INFO","tag":"ClipboardSessionManager","msg":"Session state transitioned","data":{"sessionId":"c47a677f-1d26-4201-b94d-c4b2df104811","from":"AWAITING_PASTE","event":"ResponsePasted","to":"SESSION_ACTIVE"}}
{"t":"2026-03-20T19:20:44.701","s":"s-a8c2fc17","lvl":"INFO","tag":"ClipboardSessionManager","msg":"Session state transitioned","data":{"sessionId":"c47a677f-1d26-4201-b94d-c4b2df104811","from":"SESSION_ACTIVE","event":"JsonCopied","to":"AWAITING_PASTE"}}
{"t":"2026-03-20T19:21:18.131","s":"s-a8c2fc17","lvl":"INFO","tag":"ClipboardSessionManager","msg":"Session state transitioned","data":{"sessionId":"c47a677f-1d26-4201-b94d-c4b2df104811","from":"AWAITING_PASTE","event":"ResponsePasted","to":"SESSION_ACTIVE"}}
{"t":"2026-03-20T19:24:25.996","s":"s-a8c2fc17","lvl":"INFO","tag":"ClipboardSessionManager","msg":"Session state transitioned","data":{"sessionId":"1b8a345a-2445-4f24-b2a3-0bcf1fc51770","from":"IDLE","event":"StartSession","to":"SESSION_ACTIVE"}}
{"t":"2026-03-20T19:24:26.205","s":"s-a8c2fc17","lvl":"INFO","tag":"ClipboardSessionManager","msg":"Session state transitioned","data":{"sessionId":"1b8a345a-2445-4f24-b2a3-0bcf1fc51770","from":"SESSION_ACTIVE","event":"JsonCopied","to":"AWAITING_PASTE"}}
{"t":"2026-03-20T19:26:49.791","s":"s-a8c2fc17","lvl":"INFO","tag":"ClipboardSessionManager","msg":"Session state transitioned","data":{"sessionId":"1b8a345a-2445-4f24-b2a3-0bcf1fc51770","from":"AWAITING_PASTE","event":"ResponsePasted","to":"SESSION_ACTIVE"}}
{"t":"2026-03-20T19:26:49.797","s":"s-a8c2fc17","lvl":"INFO","tag":"ClipboardSessionManager","msg":"Session state transitioned","data":{"sessionId":"1b8a345a-2445-4f24-b2a3-0bcf1fc51770","from":"SESSION_ACTIVE","event":"JsonCopied","to":"AWAITING_PASTE"}}
{"t":"2026-03-20T19:28:18.686","s":"s-a8c2fc17","lvl":"INFO","tag":"ClipboardSessionManager","msg":"Session state transitioned","data":{"sessionId":"1b8a345a-2445-4f24-b2a3-0bcf1fc51770","from":"AWAITING_PASTE","event":"ResponsePasted","to":"SESSION_ACTIVE"}}
{"t":"2026-03-20T19:30:24.968","s":"s-a8c2fc17","lvl":"INFO","tag":"ClipboardSessionManager","msg":"Session state transitioned","data":{"sessionId":"1b8a345a-2445-4f24-b2a3-0bcf1fc51770","from":"SESSION_ACTIVE","event":"JsonCopied","to":"AWAITING_PASTE"}}
{"t":"2026-03-20T19:31:02.640","s":"s-a8c2fc17","lvl":"INFO","tag":"ClipboardSessionManager","msg":"Session state transitioned","data":{"sessionId":"1b8a345a-2445-4f24-b2a3-0bcf1fc51770","from":"AWAITING_PASTE","event":"ResponsePasted","to":"SESSION_ACTIVE"}}
{"t":"2026-03-20T19:34:04.594","s":"s-a8c2fc17","lvl":"INFO","tag":"ClipboardSessionManager","msg":"Session state transitioned","data":{"sessionId":"1b8a345a-2445-4f24-b2a3-0bcf1fc51770","from":"SESSION_ACTIVE","event":"JsonCopied","to":"AWAITING_PASTE"}}
{"t":"2026-03-20T19:35:17.860","s":"s-a8c2fc17","lvl":"INFO","tag":"ClipboardSessionManager","msg":"Session state transitioned","data":{"sessionId":"1b8a345a-2445-4f24-b2a3-0bcf1fc51770","from":"AWAITING_PASTE","event":"ResponsePasted","to":"SESSION_ACTIVE"}}
{"t":"2026-03-20T19:35:17.866","s":"s-a8c2fc17","lvl":"INFO","tag":"ClipboardSessionManager","msg":"Session state transitioned","data":{"sessionId":"1b8a345a-2445-4f24-b2a3-0bcf1fc51770","from":"SESSION_ACTIVE","event":"JsonCopied","to":"AWAITING_PASTE"}}
{"t":"2026-03-20T19:35:57.887","s":"s-a8c2fc17","lvl":"INFO","tag":"ClipboardSessionManager","msg":"Session state transitioned","data":{"sessionId":"1b8a345a-2445-4f24-b2a3-0bcf1fc51770","from":"AWAITING_PASTE","event":"ResponsePasted","to":"SESSION_ACTIVE"}}
{"t":"2026-03-20T19:38:21.739","s":"s-a8c2fc17","lvl":"INFO","tag":"ClipboardSessionManager","msg":"Session state transitioned","data":{"sessionId":"1b8a345a-2445-4f24-b2a3-0bcf1fc51770","from":"SESSION_ACTIVE","event":"JsonCopied","to":"AWAITING_PASTE"}}
{"t":"2026-03-20T19:39:12.572","s":"s-a8c2fc17","lvl":"INFO","tag":"ClipboardSessionManager","msg":"Session state transitioned","data":{"sessionId":"1b8a345a-2445-4f24-b2a3-0bcf1fc51770","from":"AWAITING_PASTE","event":"ResponsePasted","to":"SESSION_ACTIVE"}}
{"t":"2026-03-20T19:40:30.690","s":"s-a8c2fc17","lvl":"INFO","tag":"ClipboardSessionManager","msg":"Session state transitioned","data":{"sessionId":"1b8a345a-2445-4f24-b2a3-0bcf1fc51770","from":"SESSION_ACTIVE","event":"JsonCopied","to":"AWAITING_PASTE"}}
{"t":"2026-03-20T19:40:56.627","s":"s-a8c2fc17","lvl":"INFO","tag":"ClipboardSessionManager","msg":"Session state transitioned","data":{"sessionId":"1b8a345a-2445-4f24-b2a3-0bcf1fc51770","from":"AWAITING_PASTE","event":"ResponsePasted","to":"SESSION_ACTIVE"}}
{"t":"2026-03-20T19:42:06.444","s":"s-a8c2fc17","lvl":"INFO","tag":"ClipboardSessionManager","msg":"Session state transitioned","data":{"sessionId":"1b8a345a-2445-4f24-b2a3-0bcf1fc51770","from":"SESSION_ACTIVE","event":"JsonCopied","to":"AWAITING_PASTE"}}
{"t":"2026-03-20T19:42:54.534","s":"s-a8c2fc17","lvl":"INFO","tag":"ClipboardSessionManager","msg":"Session state transitioned","data":{"sessionId":"1b8a345a-2445-4f24-b2a3-0bcf1fc51770","from":"AWAITING_PASTE","event":"ResponsePasted","to":"SESSION_ACTIVE"}}
{"t":"2026-03-20T19:43:39.620","s":"s-a8c2fc17","lvl":"INFO","tag":"ClipboardSessionManager","msg":"Session state transitioned","data":{"sessionId":"1b8a345a-2445-4f24-b2a3-0bcf1fc51770","from":"SESSION_ACTIVE","event":"JsonCopied","to":"AWAITING_PASTE"}}
{"t":"2026-03-20T19:44:42.251","s":"s-a8c2fc17","lvl":"INFO","tag":"ClipboardSessionManager","msg":"Session state transitioned","data":{"sessionId":"1b8a345a-2445-4f24-b2a3-0bcf1fc51770","from":"AWAITING_PASTE","event":"ResponsePasted","to":"SESSION_ACTIVE"}}
{"t":"2026-03-20T19:46:37.343","s":"s-a8c2fc17","lvl":"INFO","tag":"ClipboardSessionManager","msg":"Session state transitioned","data":{"sessionId":"1b8a345a-2445-4f24-b2a3-0bcf1fc51770","from":"SESSION_ACTIVE","event":"JsonCopied","to":"AWAITING_PASTE"}}
{"t":"2026-03-20T19:46:55.201","s":"s-a8c2fc17","lvl":"INFO","tag":"ClipboardSessionManager","msg":"Session state transitioned","data":{"sessionId":"1b8a345a-2445-4f24-b2a3-0bcf1fc51770","from":"AWAITING_PASTE","event":"ResponsePasted","to":"SESSION_ACTIVE"}}
{"t":"2026-03-20T19:49:47.343","s":"s-a8c2fc17","lvl":"INFO","tag":"ClipboardSessionManager","msg":"Session state transitioned","data":{"sessionId":"7f79465a-3462-47e1-b0b5-5b57d105558d","from":"IDLE","event":"StartSession","to":"SESSION_ACTIVE"}}
{"t":"2026-03-20T19:49:47.474","s":"s-a8c2fc17","lvl":"INFO","tag":"ClipboardSessionManager","msg":"Session state transitioned","data":{"sessionId":"7f79465a-3462-47e1-b0b5-5b57d105558d","from":"SESSION_ACTIVE","event":"JsonCopied","to":"AWAITING_PASTE"}}
{"t":"2026-03-20T19:50:08.840","s":"s-a8c2fc17","lvl":"INFO","tag":"ClipboardSessionManager","msg":"Session state transitioned","data":{"sessionId":"7f79465a-3462-47e1-b0b5-5b57d105558d","from":"AWAITING_PASTE","event":"ResponsePasted","to":"SESSION_ACTIVE"}}
{"t":"2026-03-20T19:50:08.845","s":"s-a8c2fc17","lvl":"INFO","tag":"ClipboardSessionManager","msg":"Session state transitioned","data":{"sessionId":"7f79465a-3462-47e1-b0b5-5b57d105558d","from":"SESSION_ACTIVE","event":"JsonCopied","to":"AWAITING_PASTE"}}
{"t":"2026-03-20T19:50:42.743","s":"s-a8c2fc17","lvl":"INFO","tag":"ClipboardSessionManager","msg":"Session state transitioned","data":{"sessionId":"7f79465a-3462-47e1-b0b5-5b57d105558d","from":"AWAITING_PASTE","event":"ResponsePasted","to":"SESSION_ACTIVE"}}
{"t":"2026-03-20T19:52:07.222","s":"s-a8c2fc17","lvl":"INFO","tag":"ClipboardSessionManager","msg":"Session state transitioned","data":{"sessionId":"7f79465a-3462-47e1-b0b5-5b57d105558d","from":"SESSION_ACTIVE","event":"JsonCopied","to":"AWAITING_PASTE"}}
{"t":"2026-03-20T19:53:38.986","s":"s-a8c2fc17","lvl":"INFO","tag":"ClipboardSessionManager","msg":"Session state transitioned","data":{"sessionId":"7f79465a-3462-47e1-b0b5-5b57d105558d","from":"AWAITING_PASTE","event":"ResponsePasted","to":"SESSION_ACTIVE"}}
{"t":"2026-03-20T20:04:16.577","s":"s-97b84d32","lvl":"SESSION","tag":"ProjectLogger","msg":"START","data":{"project":"MaxVibes","ideVersion":"2023.3.3","os":"Windows 11 10.0"}}
{"t":"2026-03-20T20:04:16.636","s":"s-97b84d32","lvl":"INFO","tag":"ClipboardSessionManager","msg":"Session state transitioned","data":{"sessionId":"c61cba6d-257b-4457-8ee6-743d9d37f989","from":"IDLE","event":"StartSession","to":"SESSION_ACTIVE"}}
{"t":"2026-03-20T20:04:16.927","s":"s-97b84d32","lvl":"INFO","tag":"ClipboardSessionManager","msg":"Session state transitioned","data":{"sessionId":"c61cba6d-257b-4457-8ee6-743d9d37f989","from":"SESSION_ACTIVE","event":"JsonCopied","to":"AWAITING_PASTE"}}
{"t":"2026-03-20T20:04:46.395","s":"s-97b84d32","lvl":"INFO","tag":"ClipboardSessionManager","msg":"Session state transitioned","data":{"sessionId":"c61cba6d-257b-4457-8ee6-743d9d37f989","from":"AWAITING_PASTE","event":"ResponsePasted","to":"SESSION_ACTIVE"}}
{"t":"2026-03-20T20:04:46.412","s":"s-97b84d32","lvl":"INFO","tag":"ClipboardSessionManager","msg":"Session state transitioned","data":{"sessionId":"c61cba6d-257b-4457-8ee6-743d9d37f989","from":"SESSION_ACTIVE","event":"JsonCopied","to":"AWAITING_PASTE"}}
{"t":"2026-03-20T20:06:30.971","s":"s-97b84d32","lvl":"INFO","tag":"ClipboardSessionManager","msg":"Session state transitioned","data":{"sessionId":"c61cba6d-257b-4457-8ee6-743d9d37f989","from":"AWAITING_PASTE","event":"ResponsePasted","to":"SESSION_ACTIVE"}}
{"t":"2026-03-20T20:10:21.884","s":"s-97b84d32","lvl":"INFO","tag":"ClipboardSessionManager","msg":"Session state transitioned","data":{"sessionId":"c61cba6d-257b-4457-8ee6-743d9d37f989","from":"SESSION_ACTIVE","event":"JsonCopied","to":"AWAITING_PASTE"}}
{"t":"2026-03-20T20:10:42.980","s":"s-97b84d32","lvl":"INFO","tag":"ClipboardSessionManager","msg":"Session state transitioned","data":{"sessionId":"c61cba6d-257b-4457-8ee6-743d9d37f989","from":"AWAITING_PASTE","event":"ResponsePasted","to":"SESSION_ACTIVE"}}
{"t":"2026-03-20T20:10:43.113","s":"s-97b84d32","lvl":"INFO","tag":"ClipboardSessionManager","msg":"Session state transitioned","data":{"sessionId":"c61cba6d-257b-4457-8ee6-743d9d37f989","from":"SESSION_ACTIVE","event":"JsonCopied","to":"AWAITING_PASTE"}}
{"t":"2026-03-20T20:14:51.897","s":"s-97b84d32","lvl":"INFO","tag":"ClipboardSessionManager","msg":"Session state transitioned","data":{"sessionId":"c61cba6d-257b-4457-8ee6-743d9d37f989","from":"AWAITING_PASTE","event":"ResponsePasted","to":"SESSION_ACTIVE"}}
{"t":"2026-03-20T20:16:44.972","s":"s-97b84d32","lvl":"INFO","tag":"ClipboardSessionManager","msg":"Session state transitioned","data":{"sessionId":"0ad5f680-58bf-4379-b103-00c0a632c7d8","from":"IDLE","event":"StartSession","to":"SESSION_ACTIVE"}}
{"t":"2026-03-20T20:16:45.100","s":"s-97b84d32","lvl":"INFO","tag":"ClipboardSessionManager","msg":"Session state transitioned","data":{"sessionId":"0ad5f680-58bf-4379-b103-00c0a632c7d8","from":"SESSION_ACTIVE","event":"JsonCopied","to":"AWAITING_PASTE"}}
{"t":"2026-03-20T20:17:13.473","s":"s-97b84d32","lvl":"INFO","tag":"ClipboardSessionManager","msg":"Session state transitioned","data":{"sessionId":"0ad5f680-58bf-4379-b103-00c0a632c7d8","from":"AWAITING_PASTE","event":"ResponsePasted","to":"SESSION_ACTIVE"}}
{"t":"2026-03-20T20:17:13.480","s":"s-97b84d32","lvl":"INFO","tag":"ClipboardSessionManager","msg":"Session state transitioned","data":{"sessionId":"0ad5f680-58bf-4379-b103-00c0a632c7d8","from":"SESSION_ACTIVE","event":"JsonCopied","to":"AWAITING_PASTE"}}
{"t":"2026-03-20T20:17:54.039","s":"s-97b84d32","lvl":"INFO","tag":"ClipboardSessionManager","msg":"Session state transitioned","data":{"sessionId":"0ad5f680-58bf-4379-b103-00c0a632c7d8","from":"AWAITING_PASTE","event":"ResponsePasted","to":"SESSION_ACTIVE"}}
{"t":"2026-03-20T20:20:23.316","s":"s-97b84d32","lvl":"INFO","tag":"ClipboardSessionManager","msg":"Session state transitioned","data":{"sessionId":"d8911c9b-4814-4746-984a-c7b6ff3ba319","from":"IDLE","event":"StartSession","to":"SESSION_ACTIVE"}}
{"t":"2026-03-20T20:20:23.463","s":"s-97b84d32","lvl":"INFO","tag":"ClipboardSessionManager","msg":"Session state transitioned","data":{"sessionId":"d8911c9b-4814-4746-984a-c7b6ff3ba319","from":"SESSION_ACTIVE","event":"JsonCopied","to":"AWAITING_PASTE"}}
{"t":"2026-03-20T20:21:31.852","s":"s-97b84d32","lvl":"INFO","tag":"ClipboardSessionManager","msg":"Session state transitioned","data":{"sessionId":"d8911c9b-4814-4746-984a-c7b6ff3ba319","from":"AWAITING_PASTE","event":"ResponsePasted","to":"SESSION_ACTIVE"}}
{"t":"2026-03-20T20:21:31.857","s":"s-97b84d32","lvl":"INFO","tag":"ClipboardSessionManager","msg":"Session state transitioned","data":{"sessionId":"d8911c9b-4814-4746-984a-c7b6ff3ba319","from":"SESSION_ACTIVE","event":"JsonCopied","to":"AWAITING_PASTE"}}
{"t":"2026-03-20T20:24:16.477","s":"s-97b84d32","lvl":"INFO","tag":"ClipboardSessionManager","msg":"Session state transitioned","data":{"sessionId":"d8911c9b-4814-4746-984a-c7b6ff3ba319","from":"AWAITING_PASTE","event":"ResponsePasted","to":"SESSION_ACTIVE"}}
{"t":"2026-03-20T20:25:58.802","s":"s-97b84d32","lvl":"INFO","tag":"ClipboardSessionManager","msg":"Session state transitioned","data":{"sessionId":"ccda72e4-4c21-4391-af5e-8112ba2d6666","from":"IDLE","event":"StartSession","to":"SESSION_ACTIVE"}}
{"t":"2026-03-20T20:25:59.031","s":"s-97b84d32","lvl":"INFO","tag":"ClipboardSessionManager","msg":"Session state transitioned","data":{"sessionId":"ccda72e4-4c21-4391-af5e-8112ba2d6666","from":"SESSION_ACTIVE","event":"JsonCopied","to":"AWAITING_PASTE"}}
{"t":"2026-03-20T20:26:34.665","s":"s-97b84d32","lvl":"INFO","tag":"ClipboardSessionManager","msg":"Session state transitioned","data":{"sessionId":"ccda72e4-4c21-4391-af5e-8112ba2d6666","from":"AWAITING_PASTE","event":"ResponsePasted","to":"SESSION_ACTIVE"}}
{"t":"2026-03-20T20:26:34.673","s":"s-97b84d32","lvl":"INFO","tag":"ClipboardSessionManager","msg":"Session state transitioned","data":{"sessionId":"ccda72e4-4c21-4391-af5e-8112ba2d6666","from":"SESSION_ACTIVE","event":"JsonCopied","to":"AWAITING_PASTE"}}
{"t":"2026-03-20T20:27:20.928","s":"s-97b84d32","lvl":"INFO","tag":"ClipboardSessionManager","msg":"Session state transitioned","data":{"sessionId":"ccda72e4-4c21-4391-af5e-8112ba2d6666","from":"AWAITING_PASTE","event":"ResponsePasted","to":"SESSION_ACTIVE"}}
{"t":"2026-03-20T20:27:21.049","s":"s-97b84d32","lvl":"INFO","tag":"ClipboardSessionManager","msg":"Session state transitioned","data":{"sessionId":"ccda72e4-4c21-4391-af5e-8112ba2d6666","from":"SESSION_ACTIVE","event":"JsonCopied","to":"AWAITING_PASTE"}}
{"t":"2026-03-20T20:28:28.386","s":"s-97b84d32","lvl":"INFO","tag":"ClipboardSessionManager","msg":"Session state transitioned","data":{"sessionId":"ccda72e4-4c21-4391-af5e-8112ba2d6666","from":"AWAITING_PASTE","event":"ResponsePasted","to":"SESSION_ACTIVE"}}
{"t":"2026-03-20T20:28:28.392","s":"s-97b84d32","lvl":"INFO","tag":"ClipboardSessionManager","msg":"Session state transitioned","data":{"sessionId":"ccda72e4-4c21-4391-af5e-8112ba2d6666","from":"SESSION_ACTIVE","event":"JsonCopied","to":"AWAITING_PASTE"}}
{"t":"2026-03-20T20:30:13.678","s":"s-97b84d32","lvl":"INFO","tag":"ClipboardSessionManager","msg":"Session state transitioned","data":{"sessionId":"ccda72e4-4c21-4391-af5e-8112ba2d6666","from":"AWAITING_PASTE","event":"ResponsePasted","to":"SESSION_ACTIVE"}}
{"t":"2026-03-20T20:30:13.684","s":"s-97b84d32","lvl":"INFO","tag":"ClipboardSessionManager","msg":"Session state transitioned","data":{"sessionId":"ccda72e4-4c21-4391-af5e-8112ba2d6666","from":"SESSION_ACTIVE","event":"JsonCopied","to":"AWAITING_PASTE"}}
{"t":"2026-03-20T20:35:23.761","s":"s-97b84d32","lvl":"INFO","tag":"ClipboardSessionManager","msg":"Session state transitioned","data":{"sessionId":"ccda72e4-4c21-4391-af5e-8112ba2d6666","from":"AWAITING_PASTE","event":"ResponsePasted","to":"SESSION_ACTIVE"}}
{"t":"2026-03-20T20:38:03.379","s":"s-97b84d32","lvl":"INFO","tag":"ClipboardSessionManager","msg":"Session state transitioned","data":{"sessionId":"14627194-7f85-4256-9ed9-46567113328f","from":"IDLE","event":"StartSession","to":"SESSION_ACTIVE"}}
{"t":"2026-03-20T20:38:03.553","s":"s-97b84d32","lvl":"INFO","tag":"ClipboardSessionManager","msg":"Session state transitioned","data":{"sessionId":"14627194-7f85-4256-9ed9-46567113328f","from":"SESSION_ACTIVE","event":"JsonCopied","to":"AWAITING_PASTE"}}
{"t":"2026-03-20T20:38:29.956","s":"s-97b84d32","lvl":"INFO","tag":"ClipboardSessionManager","msg":"Session state transitioned","data":{"sessionId":"14627194-7f85-4256-9ed9-46567113328f","from":"AWAITING_PASTE","event":"ResponsePasted","to":"SESSION_ACTIVE"}}
{"t":"2026-03-20T20:38:29.965","s":"s-97b84d32","lvl":"INFO","tag":"ClipboardSessionManager","msg":"Session state transitioned","data":{"sessionId":"14627194-7f85-4256-9ed9-46567113328f","from":"SESSION_ACTIVE","event":"JsonCopied","to":"AWAITING_PASTE"}}
{"t":"2026-03-20T20:39:12.520","s":"s-97b84d32","lvl":"INFO","tag":"ClipboardSessionManager","msg":"Session state transitioned","data":{"sessionId":"14627194-7f85-4256-9ed9-46567113328f","from":"AWAITING_PASTE","event":"ResponsePasted","to":"SESSION_ACTIVE"}}
{"t":"2026-03-20T20:39:12.524","s":"s-97b84d32","lvl":"INFO","tag":"ClipboardSessionManager","msg":"Session state transitioned","data":{"sessionId":"14627194-7f85-4256-9ed9-46567113328f","from":"SESSION_ACTIVE","event":"JsonCopied","to":"AWAITING_PASTE"}}
{"t":"2026-03-20T20:40:16.980","s":"s-97b84d32","lvl":"INFO","tag":"ClipboardSessionManager","msg":"Session state transitioned","data":{"sessionId":"14627194-7f85-4256-9ed9-46567113328f","from":"AWAITING_PASTE","event":"ResponsePasted","to":"SESSION_ACTIVE"}}
{"t":"2026-03-20T20:42:07.050","s":"s-97b84d32","lvl":"INFO","tag":"ClipboardSessionManager","msg":"Session state transitioned","data":{"sessionId":"6de96175-23a3-4b4d-bf18-7a161da7158b","from":"IDLE","event":"StartSession","to":"SESSION_ACTIVE"}}
{"t":"2026-03-20T20:42:07.158","s":"s-97b84d32","lvl":"INFO","tag":"ClipboardSessionManager","msg":"Session state transitioned","data":{"sessionId":"6de96175-23a3-4b4d-bf18-7a161da7158b","from":"SESSION_ACTIVE","event":"JsonCopied","to":"AWAITING_PASTE"}}
{"t":"2026-03-20T20:42:27.532","s":"s-97b84d32","lvl":"INFO","tag":"ClipboardSessionManager","msg":"Session state transitioned","data":{"sessionId":"6de96175-23a3-4b4d-bf18-7a161da7158b","from":"AWAITING_PASTE","event":"ResponsePasted","to":"SESSION_ACTIVE"}}
{"t":"2026-03-20T20:42:27.538","s":"s-97b84d32","lvl":"INFO","tag":"ClipboardSessionManager","msg":"Session state transitioned","data":{"sessionId":"6de96175-23a3-4b4d-bf18-7a161da7158b","from":"SESSION_ACTIVE","event":"JsonCopied","to":"AWAITING_PASTE"}}
{"t":"2026-03-20T20:46:57.896","s":"s-97b84d32","lvl":"INFO","tag":"ClipboardSessionManager","msg":"Session state transitioned","data":{"sessionId":"6de96175-23a3-4b4d-bf18-7a161da7158b","from":"AWAITING_PASTE","event":"ResponsePasted","to":"SESSION_ACTIVE"}}
{"t":"2026-03-20T20:46:58.215","s":"s-97b84d32","lvl":"INFO","tag":"ClipboardSessionManager","msg":"Session state transitioned","data":{"sessionId":"6de96175-23a3-4b4d-bf18-7a161da7158b","from":"SESSION_ACTIVE","event":"JsonCopied","to":"AWAITING_PASTE"}}
{"t":"2026-03-20T20:47:21.657","s":"s-97b84d32","lvl":"INFO","tag":"ClipboardSessionManager","msg":"Session state transitioned","data":{"sessionId":"6de96175-23a3-4b4d-bf18-7a161da7158b","from":"AWAITING_PASTE","event":"ResponsePasted","to":"SESSION_ACTIVE"}}
{"t":"2026-03-20T20:47:21.661","s":"s-97b84d32","lvl":"INFO","tag":"ClipboardSessionManager","msg":"Session state transitioned","data":{"sessionId":"6de96175-23a3-4b4d-bf18-7a161da7158b","from":"SESSION_ACTIVE","event":"JsonCopied","to":"AWAITING_PASTE"}}
{"t":"2026-03-20T20:47:37.877","s":"s-97b84d32","lvl":"INFO","tag":"ClipboardSessionManager","msg":"Session state transitioned","data":{"sessionId":"6de96175-23a3-4b4d-bf18-7a161da7158b","from":"AWAITING_PASTE","event":"ResponsePasted","to":"SESSION_ACTIVE"}}
{"t":"2026-03-20T20:47:37.881","s":"s-97b84d32","lvl":"INFO","tag":"ClipboardSessionManager","msg":"Session state transitioned","data":{"sessionId":"6de96175-23a3-4b4d-bf18-7a161da7158b","from":"SESSION_ACTIVE","event":"JsonCopied","to":"AWAITING_PASTE"}}
{"t":"2026-03-20T20:49:14.144","s":"s-97b84d32","lvl":"INFO","tag":"ClipboardSessionManager","msg":"Session state transitioned","data":{"sessionId":"6de96175-23a3-4b4d-bf18-7a161da7158b","from":"AWAITING_PASTE","event":"ResponsePasted","to":"SESSION_ACTIVE"}}
{"t":"2026-03-20T20:49:48.580","s":"s-97b84d32","lvl":"INFO","tag":"ClipboardSessionManager","msg":"Session state transitioned","data":{"sessionId":"6de96175-23a3-4b4d-bf18-7a161da7158b","from":"SESSION_ACTIVE","event":"JsonCopied","to":"AWAITING_PASTE"}}
{"t":"2026-03-20T20:50:10.302","s":"s-97b84d32","lvl":"INFO","tag":"ClipboardSessionManager","msg":"Session state transitioned","data":{"sessionId":"6de96175-23a3-4b4d-bf18-7a161da7158b","from":"AWAITING_PASTE","event":"ResponsePasted","to":"SESSION_ACTIVE"}}
{"t":"2026-03-20T20:50:10.305","s":"s-97b84d32","lvl":"INFO","tag":"ClipboardSessionManager","msg":"Session state transitioned","data":{"sessionId":"6de96175-23a3-4b4d-bf18-7a161da7158b","from":"SESSION_ACTIVE","event":"JsonCopied","to":"AWAITING_PASTE"}}
{"t":"2026-03-20T20:50:33.125","s":"s-97b84d32","lvl":"INFO","tag":"ClipboardSessionManager","msg":"Session state transitioned","data":{"sessionId":"6de96175-23a3-4b4d-bf18-7a161da7158b","from":"AWAITING_PASTE","event":"ResponsePasted","to":"SESSION_ACTIVE"}}
{"t":"2026-03-20T20:50:33.141","s":"s-97b84d32","lvl":"INFO","tag":"ClipboardSessionManager","msg":"Session state transitioned","data":{"sessionId":"6de96175-23a3-4b4d-bf18-7a161da7158b","from":"SESSION_ACTIVE","event":"JsonCopied","to":"AWAITING_PASTE"}}
{"t":"2026-03-20T20:50:45.064","s":"s-97b84d32","lvl":"INFO","tag":"ClipboardSessionManager","msg":"Session state transitioned","data":{"sessionId":"6de96175-23a3-4b4d-bf18-7a161da7158b","from":"AWAITING_PASTE","event":"ResponsePasted","to":"SESSION_ACTIVE"}}
{"t":"2026-03-20T20:50:45.066","s":"s-97b84d32","lvl":"INFO","tag":"ClipboardSessionManager","msg":"Session state transitioned","data":{"sessionId":"6de96175-23a3-4b4d-bf18-7a161da7158b","from":"SESSION_ACTIVE","event":"JsonCopied","to":"AWAITING_PASTE"}}
{"t":"2026-03-20T20:51:02.028","s":"s-97b84d32","lvl":"INFO","tag":"ClipboardSessionManager","msg":"Session state transitioned","data":{"sessionId":"6de96175-23a3-4b4d-bf18-7a161da7158b","from":"AWAITING_PASTE","event":"ResponsePasted","to":"SESSION_ACTIVE"}}
{"t":"2026-03-20T20:51:02.032","s":"s-97b84d32","lvl":"INFO","tag":"ClipboardSessionManager","msg":"Session state transitioned","data":{"sessionId":"6de96175-23a3-4b4d-bf18-7a161da7158b","from":"SESSION_ACTIVE","event":"JsonCopied","to":"AWAITING_PASTE"}}
{"t":"2026-03-20T20:52:18.325","s":"s-97b84d32","lvl":"INFO","tag":"ClipboardSessionManager","msg":"Session state transitioned","data":{"sessionId":"6de96175-23a3-4b4d-bf18-7a161da7158b","from":"AWAITING_PASTE","event":"ResponsePasted","to":"SESSION_ACTIVE"}}
{"t":"2026-03-20T20:52:19.896","s":"s-97b84d32","lvl":"INFO","tag":"ClipboardSessionManager","msg":"Session state transitioned","data":{"sessionId":"6de96175-23a3-4b4d-bf18-7a161da7158b","from":"SESSION_ACTIVE","event":"JsonCopied","to":"AWAITING_PASTE"}}
{"t":"2026-03-20T20:53:00.521","s":"s-97b84d32","lvl":"INFO","tag":"ClipboardSessionManager","msg":"Session state transitioned","data":{"sessionId":"6de96175-23a3-4b4d-bf18-7a161da7158b","from":"AWAITING_PASTE","event":"ResponsePasted","to":"SESSION_ACTIVE"}}
{"t":"2026-03-20T20:53:00.633","s":"s-97b84d32","lvl":"INFO","tag":"ClipboardSessionManager","msg":"Session state transitioned","data":{"sessionId":"6de96175-23a3-4b4d-bf18-7a161da7158b","from":"SESSION_ACTIVE","event":"JsonCopied","to":"AWAITING_PASTE"}}
{"t":"2026-03-20T20:53:20.718","s":"s-97b84d32","lvl":"INFO","tag":"ClipboardSessionManager","msg":"Session state transitioned","data":{"sessionId":"6de96175-23a3-4b4d-bf18-7a161da7158b","from":"AWAITING_PASTE","event":"ResponsePasted","to":"SESSION_ACTIVE"}}
{"t":"2026-03-20T20:53:20.720","s":"s-97b84d32","lvl":"INFO","tag":"ClipboardSessionManager","msg":"Session state transitioned","data":{"sessionId":"6de96175-23a3-4b4d-bf18-7a161da7158b","from":"SESSION_ACTIVE","event":"JsonCopied","to":"AWAITING_PASTE"}}
{"t":"2026-03-20T20:54:02.002","s":"s-97b84d32","lvl":"INFO","tag":"ClipboardSessionManager","msg":"Session state transitioned","data":{"sessionId":"6de96175-23a3-4b4d-bf18-7a161da7158b","from":"AWAITING_PASTE","event":"ResponsePasted","to":"SESSION_ACTIVE"}}
{"t":"2026-03-20T20:54:52.355","s":"s-97b84d32","lvl":"INFO","tag":"ClipboardSessionManager","msg":"Session state transitioned","data":{"sessionId":"6de96175-23a3-4b4d-bf18-7a161da7158b","from":"SESSION_ACTIVE","event":"JsonCopied","to":"AWAITING_PASTE"}}
{"t":"2026-03-20T20:55:18.224","s":"s-97b84d32","lvl":"INFO","tag":"ClipboardSessionManager","msg":"Session state transitioned","data":{"sessionId":"6de96175-23a3-4b4d-bf18-7a161da7158b","from":"AWAITING_PASTE","event":"ResponsePasted","to":"SESSION_ACTIVE"}}
{"t":"2026-03-20T20:55:18.232","s":"s-97b84d32","lvl":"INFO","tag":"ClipboardSessionManager","msg":"Session state transitioned","data":{"sessionId":"6de96175-23a3-4b4d-bf18-7a161da7158b","from":"SESSION_ACTIVE","event":"JsonCopied","to":"AWAITING_PASTE"}}
{"t":"2026-03-20T20:56:50.589","s":"s-97b84d32","lvl":"INFO","tag":"ClipboardSessionManager","msg":"Session state transitioned","data":{"sessionId":"6de96175-23a3-4b4d-bf18-7a161da7158b","from":"AWAITING_PASTE","event":"ResponsePasted","to":"SESSION_ACTIVE"}}
{"t":"2026-03-20T20:56:50.594","s":"s-97b84d32","lvl":"INFO","tag":"ClipboardSessionManager","msg":"Session state transitioned","data":{"sessionId":"6de96175-23a3-4b4d-bf18-7a161da7158b","from":"SESSION_ACTIVE","event":"JsonCopied","to":"AWAITING_PASTE"}}
{"t":"2026-03-20T20:57:12.269","s":"s-97b84d32","lvl":"INFO","tag":"ClipboardSessionManager","msg":"Session state transitioned","data":{"sessionId":"6de96175-23a3-4b4d-bf18-7a161da7158b","from":"AWAITING_PASTE","event":"ResponsePasted","to":"SESSION_ACTIVE"}}
{"t":"2026-03-20T21:03:10.054","s":"s-97b84d32","lvl":"INFO","tag":"ClipboardSessionManager","msg":"Session state transitioned","data":{"sessionId":"c61cba6d-257b-4457-8ee6-743d9d37f989","from":"SESSION_ACTIVE","event":"JsonCopied","to":"AWAITING_PASTE"}}
{"t":"2026-03-20T21:03:21.488","s":"s-97b84d32","lvl":"INFO","tag":"ClipboardSessionManager","msg":"Session state transitioned","data":{"sessionId":"c61cba6d-257b-4457-8ee6-743d9d37f989","from":"AWAITING_PASTE","event":"ResponsePasted","to":"SESSION_ACTIVE"}}
{"t":"2026-03-20T21:03:31.719","s":"s-97b84d32","lvl":"INFO","tag":"ClipboardSessionManager","msg":"Session state transitioned","data":{"sessionId":"c61cba6d-257b-4457-8ee6-743d9d37f989","from":"SESSION_ACTIVE","event":"JsonCopied","to":"AWAITING_PASTE"}}
{"t":"2026-03-20T21:04:59.171","s":"s-97b84d32","lvl":"INFO","tag":"ClipboardSessionManager","msg":"Session state transitioned","data":{"sessionId":"c61cba6d-257b-4457-8ee6-743d9d37f989","from":"AWAITING_PASTE","event":"ResponsePasted","to":"SESSION_ACTIVE"}}
{"t":"2026-03-20T21:04:59.175","s":"s-97b84d32","lvl":"INFO","tag":"ClipboardSessionManager","msg":"Session state transitioned","data":{"sessionId":"c61cba6d-257b-4457-8ee6-743d9d37f989","from":"SESSION_ACTIVE","event":"JsonCopied","to":"AWAITING_PASTE"}}
{"t":"2026-03-20T21:05:57.364","s":"s-97b84d32","lvl":"INFO","tag":"ClipboardSessionManager","msg":"Session state transitioned","data":{"sessionId":"c61cba6d-257b-4457-8ee6-743d9d37f989","from":"AWAITING_PASTE","event":"ResponsePasted","to":"SESSION_ACTIVE"}}
{"t":"2026-03-20T21:05:57.368","s":"s-97b84d32","lvl":"INFO","tag":"ClipboardSessionManager","msg":"Session state transitioned","data":{"sessionId":"c61cba6d-257b-4457-8ee6-743d9d37f989","from":"SESSION_ACTIVE","event":"JsonCopied","to":"AWAITING_PASTE"}}
{"t":"2026-03-20T21:10:06.887","s":"s-97b84d32","lvl":"INFO","tag":"ClipboardSessionManager","msg":"Session state transitioned","data":{"sessionId":"c61cba6d-257b-4457-8ee6-743d9d37f989","from":"AWAITING_PASTE","event":"ResponsePasted","to":"SESSION_ACTIVE"}}
{"t":"2026-03-20T21:10:08.275","s":"s-97b84d32","lvl":"INFO","tag":"ClipboardSessionManager","msg":"Session state transitioned","data":{"sessionId":"c61cba6d-257b-4457-8ee6-743d9d37f989","from":"SESSION_ACTIVE","event":"JsonCopied","to":"AWAITING_PASTE"}}
{"t":"2026-03-20T21:10:36.825","s":"s-97b84d32","lvl":"INFO","tag":"ClipboardSessionManager","msg":"Session state transitioned","data":{"sessionId":"c61cba6d-257b-4457-8ee6-743d9d37f989","from":"AWAITING_PASTE","event":"ResponsePasted","to":"SESSION_ACTIVE"}}
{"t":"2026-03-20T21:10:36.831","s":"s-97b84d32","lvl":"INFO","tag":"ClipboardSessionManager","msg":"Session state transitioned","data":{"sessionId":"c61cba6d-257b-4457-8ee6-743d9d37f989","from":"SESSION_ACTIVE","event":"JsonCopied","to":"AWAITING_PASTE"}}
{"t":"2026-03-20T21:11:03.197","s":"s-97b84d32","lvl":"INFO","tag":"ClipboardSessionManager","msg":"Session state transitioned","data":{"sessionId":"c61cba6d-257b-4457-8ee6-743d9d37f989","from":"AWAITING_PASTE","event":"ResponsePasted","to":"SESSION_ACTIVE"}}
{"t":"2026-03-20T21:11:03.202","s":"s-97b84d32","lvl":"INFO","tag":"ClipboardSessionManager","msg":"Session state transitioned","data":{"sessionId":"c61cba6d-257b-4457-8ee6-743d9d37f989","from":"SESSION_ACTIVE","event":"JsonCopied","to":"AWAITING_PASTE"}}
{"t":"2026-03-20T21:11:34.379","s":"s-97b84d32","lvl":"INFO","tag":"ClipboardSessionManager","msg":"Session state transitioned","data":{"sessionId":"c61cba6d-257b-4457-8ee6-743d9d37f989","from":"AWAITING_PASTE","event":"ResponsePasted","to":"SESSION_ACTIVE"}}
{"t":"2026-03-20T21:11:34.383","s":"s-97b84d32","lvl":"INFO","tag":"ClipboardSessionManager","msg":"Session state transitioned","data":{"sessionId":"c61cba6d-257b-4457-8ee6-743d9d37f989","from":"SESSION_ACTIVE","event":"JsonCopied","to":"AWAITING_PASTE"}}
{"t":"2026-03-20T21:11:47.925","s":"s-97b84d32","lvl":"INFO","tag":"ClipboardSessionManager","msg":"Session state transitioned","data":{"sessionId":"c61cba6d-257b-4457-8ee6-743d9d37f989","from":"AWAITING_PASTE","event":"ResponsePasted","to":"SESSION_ACTIVE"}}
{"t":"2026-03-20T21:11:47.928","s":"s-97b84d32","lvl":"INFO","tag":"ClipboardSessionManager","msg":"Session state transitioned","data":{"sessionId":"c61cba6d-257b-4457-8ee6-743d9d37f989","from":"SESSION_ACTIVE","event":"JsonCopied","to":"AWAITING_PASTE"}}
{"t":"2026-03-20T21:13:09.136","s":"s-97b84d32","lvl":"INFO","tag":"ClipboardSessionManager","msg":"Session state transitioned","data":{"sessionId":"c61cba6d-257b-4457-8ee6-743d9d37f989","from":"AWAITING_PASTE","event":"ResponsePasted","to":"SESSION_ACTIVE"}}
{"t":"2026-03-20T21:20:52.618","s":"s-97b84d32","lvl":"INFO","tag":"ClipboardSessionManager","msg":"Session state transitioned","data":{"sessionId":"c61cba6d-257b-4457-8ee6-743d9d37f989","from":"SESSION_ACTIVE","event":"JsonCopied","to":"AWAITING_PASTE"}}
{"t":"2026-03-20T21:28:45.177","s":"s-97b84d32","lvl":"INFO","tag":"ClipboardSessionManager","msg":"Session state transitioned","data":{"sessionId":"c61cba6d-257b-4457-8ee6-743d9d37f989","from":"AWAITING_PASTE","event":"ForceActivate","to":"SESSION_ACTIVE"}}
{"t":"2026-03-20T21:30:05.652","s":"s-97b84d32","lvl":"INFO","tag":"ClipboardSessionManager","msg":"Session state transitioned","data":{"sessionId":"c61cba6d-257b-4457-8ee6-743d9d37f989","from":"SESSION_ACTIVE","event":"JsonCopied","to":"AWAITING_PASTE"}}
{"t":"2026-03-20T21:30:35.500","s":"s-97b84d32","lvl":"INFO","tag":"ClipboardSessionManager","msg":"Session state transitioned","data":{"sessionId":"c61cba6d-257b-4457-8ee6-743d9d37f989","from":"AWAITING_PASTE","event":"ResponsePasted","to":"SESSION_ACTIVE"}}
{"t":"2026-03-20T21:30:35.514","s":"s-97b84d32","lvl":"INFO","tag":"ClipboardSessionManager","msg":"Session state transitioned","data":{"sessionId":"c61cba6d-257b-4457-8ee6-743d9d37f989","from":"SESSION_ACTIVE","event":"JsonCopied","to":"AWAITING_PASTE"}}
{"t":"2026-03-20T21:30:54.230","s":"s-97b84d32","lvl":"INFO","tag":"ClipboardSessionManager","msg":"Session state transitioned","data":{"sessionId":"c61cba6d-257b-4457-8ee6-743d9d37f989","from":"AWAITING_PASTE","event":"ResponsePasted","to":"SESSION_ACTIVE"}}
{"t":"2026-03-20T21:30:54.232","s":"s-97b84d32","lvl":"INFO","tag":"ClipboardSessionManager","msg":"Session state transitioned","data":{"sessionId":"c61cba6d-257b-4457-8ee6-743d9d37f989","from":"SESSION_ACTIVE","event":"JsonCopied","to":"AWAITING_PASTE"}}
{"t":"2026-03-20T21:31:16.564","s":"s-97b84d32","lvl":"INFO","tag":"ClipboardSessionManager","msg":"Session state transitioned","data":{"sessionId":"c61cba6d-257b-4457-8ee6-743d9d37f989","from":"AWAITING_PASTE","event":"ResponsePasted","to":"SESSION_ACTIVE"}}
{"t":"2026-03-20T21:31:16.566","s":"s-97b84d32","lvl":"INFO","tag":"ClipboardSessionManager","msg":"Session state transitioned","data":{"sessionId":"c61cba6d-257b-4457-8ee6-743d9d37f989","from":"SESSION_ACTIVE","event":"JsonCopied","to":"AWAITING_PASTE"}}
{"t":"2026-03-20T21:31:40.630","s":"s-97b84d32","lvl":"INFO","tag":"ClipboardSessionManager","msg":"Session state transitioned","data":{"sessionId":"c61cba6d-257b-4457-8ee6-743d9d37f989","from":"AWAITING_PASTE","event":"ResponsePasted","to":"SESSION_ACTIVE"}}
{"t":"2026-03-20T21:31:40.634","s":"s-97b84d32","lvl":"INFO","tag":"ClipboardSessionManager","msg":"Session state transitioned","data":{"sessionId":"c61cba6d-257b-4457-8ee6-743d9d37f989","from":"SESSION_ACTIVE","event":"JsonCopied","to":"AWAITING_PASTE"}}
{"t":"2026-03-20T21:31:56.539","s":"s-97b84d32","lvl":"INFO","tag":"ClipboardSessionManager","msg":"Session state transitioned","data":{"sessionId":"c61cba6d-257b-4457-8ee6-743d9d37f989","from":"AWAITING_PASTE","event":"ResponsePasted","to":"SESSION_ACTIVE"}}
{"t":"2026-03-20T21:31:56.544","s":"s-97b84d32","lvl":"INFO","tag":"ClipboardSessionManager","msg":"Session state transitioned","data":{"sessionId":"c61cba6d-257b-4457-8ee6-743d9d37f989","from":"SESSION_ACTIVE","event":"JsonCopied","to":"AWAITING_PASTE"}}
{"t":"2026-03-20T21:32:11.752","s":"s-97b84d32","lvl":"INFO","tag":"ClipboardSessionManager","msg":"Session state transitioned","data":{"sessionId":"c61cba6d-257b-4457-8ee6-743d9d37f989","from":"AWAITING_PASTE","event":"ResponsePasted","to":"SESSION_ACTIVE"}}
{"t":"2026-03-20T21:32:11.755","s":"s-97b84d32","lvl":"INFO","tag":"ClipboardSessionManager","msg":"Session state transitioned","data":{"sessionId":"c61cba6d-257b-4457-8ee6-743d9d37f989","from":"SESSION_ACTIVE","event":"JsonCopied","to":"AWAITING_PASTE"}}
{"t":"2026-03-20T21:32:31.709","s":"s-97b84d32","lvl":"INFO","tag":"ClipboardSessionManager","msg":"Session state transitioned","data":{"sessionId":"c61cba6d-257b-4457-8ee6-743d9d37f989","from":"AWAITING_PASTE","event":"ResponsePasted","to":"SESSION_ACTIVE"}}
{"t":"2026-03-20T21:36:07.129","s":"s-97b84d32","lvl":"INFO","tag":"ClipboardSessionManager","msg":"Session state transitioned","data":{"sessionId":"c61cba6d-257b-4457-8ee6-743d9d37f989","from":"SESSION_ACTIVE","event":"JsonCopied","to":"AWAITING_PASTE"}}
{"t":"2026-03-20T21:37:28.292","s":"s-97b84d32","lvl":"INFO","tag":"ClipboardSessionManager","msg":"Session state transitioned","data":{"sessionId":"c61cba6d-257b-4457-8ee6-743d9d37f989","from":"AWAITING_PASTE","event":"ResponsePasted","to":"SESSION_ACTIVE"}}
{"t":"2026-03-20T21:37:29.112","s":"s-97b84d32","lvl":"INFO","tag":"ClipboardSessionManager","msg":"Session state transitioned","data":{"sessionId":"c61cba6d-257b-4457-8ee6-743d9d37f989","from":"SESSION_ACTIVE","event":"JsonCopied","to":"AWAITING_PASTE"}}
{"t":"2026-03-20T21:38:21.229","s":"s-97b84d32","lvl":"INFO","tag":"ClipboardSessionManager","msg":"Session state transitioned","data":{"sessionId":"c61cba6d-257b-4457-8ee6-743d9d37f989","from":"AWAITING_PASTE","event":"ResponsePasted","to":"SESSION_ACTIVE"}}
{"t":"2026-03-20T21:38:43.952","s":"s-97b84d32","lvl":"INFO","tag":"ClipboardSessionManager","msg":"Session state transitioned","data":{"sessionId":"c61cba6d-257b-4457-8ee6-743d9d37f989","from":"SESSION_ACTIVE","event":"JsonCopied","to":"AWAITING_PASTE"}}
{"t":"2026-03-20T21:39:06.277","s":"s-97b84d32","lvl":"INFO","tag":"ClipboardSessionManager","msg":"Session state transitioned","data":{"sessionId":"c61cba6d-257b-4457-8ee6-743d9d37f989","from":"AWAITING_PASTE","event":"ResponsePasted","to":"SESSION_ACTIVE"}}
{"t":"2026-03-20T21:41:55.384","s":"s-97b84d32","lvl":"INFO","tag":"ClipboardSessionManager","msg":"Session state transitioned","data":{"sessionId":"c61cba6d-257b-4457-8ee6-743d9d37f989","from":"SESSION_ACTIVE","event":"JsonCopied","to":"AWAITING_PASTE"}}
{"t":"2026-03-20T21:43:51.177","s":"s-97b84d32","lvl":"INFO","tag":"ClipboardSessionManager","msg":"Session state transitioned","data":{"sessionId":"ceb5856c-80e1-48c0-bbeb-696a7e6affde","from":"IDLE","event":"StartSession","to":"SESSION_ACTIVE"}}
{"t":"2026-03-20T21:43:51.244","s":"s-97b84d32","lvl":"INFO","tag":"ClipboardSessionManager","msg":"Session state transitioned","data":{"sessionId":"ceb5856c-80e1-48c0-bbeb-696a7e6affde","from":"SESSION_ACTIVE","event":"JsonCopied","to":"AWAITING_PASTE"}}
{"t":"2026-03-20T21:44:13.033","s":"s-97b84d32","lvl":"INFO","tag":"ClipboardSessionManager","msg":"Session state transitioned","data":{"sessionId":"ceb5856c-80e1-48c0-bbeb-696a7e6affde","from":"AWAITING_PASTE","event":"ResponsePasted","to":"SESSION_ACTIVE"}}
{"t":"2026-03-20T21:44:13.039","s":"s-97b84d32","lvl":"INFO","tag":"ClipboardSessionManager","msg":"Session state transitioned","data":{"sessionId":"ceb5856c-80e1-48c0-bbeb-696a7e6affde","from":"SESSION_ACTIVE","event":"JsonCopied","to":"AWAITING_PASTE"}}
{"t":"2026-03-20T21:44:43.410","s":"s-97b84d32","lvl":"INFO","tag":"ClipboardSessionManager","msg":"Session state transitioned","data":{"sessionId":"ceb5856c-80e1-48c0-bbeb-696a7e6affde","from":"AWAITING_PASTE","event":"ResponsePasted","to":"SESSION_ACTIVE"}}
{"t":"2026-03-20T21:51:10.474","s":"s-00b8e07a","lvl":"SESSION","tag":"ProjectLogger","msg":"START","data":{"project":"MaxVibes","ideVersion":"2023.3.3","os":"Windows 11 10.0"}}
{"t":"2026-03-20T21:51:10.530","s":"s-00b8e07a","lvl":"INFO","tag":"ClipboardSessionManager","msg":"Session state transitioned","data":{"sessionId":"e42096ff-fe6a-4999-82fb-58ad84c705ce","from":"IDLE","event":"StartSession","to":"SESSION_ACTIVE"}}
{"t":"2026-03-20T21:51:10.741","s":"s-00b8e07a","lvl":"INFO","tag":"ClipboardSessionManager","msg":"Session state transitioned","data":{"sessionId":"e42096ff-fe6a-4999-82fb-58ad84c705ce","from":"SESSION_ACTIVE","event":"JsonCopied","to":"AWAITING_PASTE"}}
{"t":"2026-03-20T21:52:07.153","s":"s-00b8e07a","lvl":"INFO","tag":"ClipboardSessionManager","msg":"Session state transitioned","data":{"sessionId":"e42096ff-fe6a-4999-82fb-58ad84c705ce","from":"AWAITING_PASTE","event":"ResponsePasted","to":"SESSION_ACTIVE"}}
{"t":"2026-03-20T21:57:54.742","s":"s-00b8e07a","lvl":"INFO","tag":"ClipboardSessionManager","msg":"Session state transitioned","data":{"sessionId":"e42096ff-fe6a-4999-82fb-58ad84c705ce","from":"SESSION_ACTIVE","event":"JsonCopied","to":"AWAITING_PASTE"}}
{"t":"2026-03-20T21:58:31.214","s":"s-00b8e07a","lvl":"INFO","tag":"ClipboardSessionManager","msg":"Session state transitioned","data":{"sessionId":"e42096ff-fe6a-4999-82fb-58ad84c705ce","from":"AWAITING_PASTE","event":"ResponsePasted","to":"SESSION_ACTIVE"}}
{"t":"2026-03-20T22:00:28.338","s":"s-00b8e07a","lvl":"INFO","tag":"ClipboardSessionManager","msg":"Session state transitioned","data":{"sessionId":"e42096ff-fe6a-4999-82fb-58ad84c705ce","from":"SESSION_ACTIVE","event":"JsonCopied","to":"AWAITING_PASTE"}}
{"t":"2026-03-20T22:01:12.695","s":"s-00b8e07a","lvl":"INFO","tag":"ClipboardSessionManager","msg":"Session state transitioned","data":{"sessionId":"e42096ff-fe6a-4999-82fb-58ad84c705ce","from":"AWAITING_PASTE","event":"ResponsePasted","to":"SESSION_ACTIVE"}}
{"t":"2026-03-20T22:02:11.621","s":"s-00b8e07a","lvl":"INFO","tag":"ClipboardSessionManager","msg":"Session state transitioned","data":{"sessionId":"e42096ff-fe6a-4999-82fb-58ad84c705ce","from":"SESSION_ACTIVE","event":"JsonCopied","to":"AWAITING_PASTE"}}
{"t":"2026-03-20T22:02:26.179","s":"s-00b8e07a","lvl":"INFO","tag":"ClipboardSessionManager","msg":"Session state transitioned","data":{"sessionId":"e42096ff-fe6a-4999-82fb-58ad84c705ce","from":"AWAITING_PASTE","event":"ResponsePasted","to":"SESSION_ACTIVE"}}
{"t":"2026-03-20T22:02:26.189","s":"s-00b8e07a","lvl":"INFO","tag":"ClipboardSessionManager","msg":"Session state transitioned","data":{"sessionId":"e42096ff-fe6a-4999-82fb-58ad84c705ce","from":"SESSION_ACTIVE","event":"JsonCopied","to":"AWAITING_PASTE"}}
{"t":"2026-03-20T22:02:58.463","s":"s-00b8e07a","lvl":"INFO","tag":"ClipboardSessionManager","msg":"Session state transitioned","data":{"sessionId":"e42096ff-fe6a-4999-82fb-58ad84c705ce","from":"AWAITING_PASTE","event":"ResponsePasted","to":"SESSION_ACTIVE"}}
{"t":"2026-03-20T22:03:46.780","s":"s-00b8e07a","lvl":"INFO","tag":"ClipboardSessionManager","msg":"Session state transitioned","data":{"sessionId":"e42096ff-fe6a-4999-82fb-58ad84c705ce","from":"SESSION_ACTIVE","event":"ForceAwaitPaste","to":"AWAITING_PASTE"}}
{"t":"2026-03-20T22:03:49.545","s":"s-00b8e07a","lvl":"INFO","tag":"ClipboardSessionManager","msg":"Session state transitioned","data":{"sessionId":"e42096ff-fe6a-4999-82fb-58ad84c705ce","from":"AWAITING_PASTE","event":"ResponsePasted","to":"SESSION_ACTIVE"}}
{"t":"2026-03-20T22:04:41.124","s":"s-00b8e07a","lvl":"INFO","tag":"ClipboardSessionManager","msg":"Session state transitioned","data":{"sessionId":"e42096ff-fe6a-4999-82fb-58ad84c705ce","from":"SESSION_ACTIVE","event":"JsonCopied","to":"AWAITING_PASTE"}}
{"t":"2026-03-20T22:05:04.950","s":"s-00b8e07a","lvl":"INFO","tag":"ClipboardSessionManager","msg":"Session state transitioned","data":{"sessionId":"e42096ff-fe6a-4999-82fb-58ad84c705ce","from":"AWAITING_PASTE","event":"ResponsePasted","to":"SESSION_ACTIVE"}}
{"t":"2026-03-20T22:08:43.246","s":"s-00b8e07a","lvl":"INFO","tag":"ClipboardSessionManager","msg":"Session state transitioned","data":{"sessionId":"e42096ff-fe6a-4999-82fb-58ad84c705ce","from":"SESSION_ACTIVE","event":"JsonCopied","to":"AWAITING_PASTE"}}
{"t":"2026-03-20T22:09:14.419","s":"s-00b8e07a","lvl":"INFO","tag":"ClipboardSessionManager","msg":"Session state transitioned","data":{"sessionId":"e42096ff-fe6a-4999-82fb-58ad84c705ce","from":"AWAITING_PASTE","event":"ResponsePasted","to":"SESSION_ACTIVE"}}
{"t":"2026-03-20T22:10:06.827","s":"s-00b8e07a","lvl":"INFO","tag":"ClipboardSessionManager","msg":"Session state transitioned","data":{"sessionId":"e42096ff-fe6a-4999-82fb-58ad84c705ce","from":"SESSION_ACTIVE","event":"JsonCopied","to":"AWAITING_PASTE"}}
{"t":"2026-03-20T22:10:24.744","s":"s-00b8e07a","lvl":"INFO","tag":"ClipboardSessionManager","msg":"Session state transitioned","data":{"sessionId":"e42096ff-fe6a-4999-82fb-58ad84c705ce","from":"AWAITING_PASTE","event":"ResponsePasted","to":"SESSION_ACTIVE"}}
{"t":"2026-03-20T22:14:34.084","s":"s-00b8e07a","lvl":"INFO","tag":"ClipboardSessionManager","msg":"Session state transitioned","data":{"sessionId":"e42096ff-fe6a-4999-82fb-58ad84c705ce","from":"SESSION_ACTIVE","event":"JsonCopied","to":"AWAITING_PASTE"}}
{"t":"2026-03-20T22:15:13.741","s":"s-00b8e07a","lvl":"INFO","tag":"ClipboardSessionManager","msg":"Session state transitioned","data":{"sessionId":"e42096ff-fe6a-4999-82fb-58ad84c705ce","from":"AWAITING_PASTE","event":"ResponsePasted","to":"SESSION_ACTIVE"}}
{"t":"2026-03-20T22:19:14.542","s":"s-00b8e07a","lvl":"INFO","tag":"ClipboardSessionManager","msg":"Session state transitioned","data":{"sessionId":"e42096ff-fe6a-4999-82fb-58ad84c705ce","from":"SESSION_ACTIVE","event":"JsonCopied","to":"AWAITING_PASTE"}}
{"t":"2026-03-20T22:19:55.712","s":"s-00b8e07a","lvl":"INFO","tag":"ClipboardSessionManager","msg":"Session state transitioned","data":{"sessionId":"e42096ff-fe6a-4999-82fb-58ad84c705ce","from":"AWAITING_PASTE","event":"ResponsePasted","to":"SESSION_ACTIVE"}}
{"t":"2026-03-20T22:27:00.423","s":"s-00b8e07a","lvl":"INFO","tag":"ClipboardSessionManager","msg":"Session state transitioned","data":{"sessionId":"e42096ff-fe6a-4999-82fb-58ad84c705ce","from":"SESSION_ACTIVE","event":"JsonCopied","to":"AWAITING_PASTE"}}
{"t":"2026-03-20T22:27:33.236","s":"s-00b8e07a","lvl":"INFO","tag":"ClipboardSessionManager","msg":"Session state transitioned","data":{"sessionId":"e42096ff-fe6a-4999-82fb-58ad84c705ce","from":"AWAITING_PASTE","event":"ResponsePasted","to":"SESSION_ACTIVE"}}
{"t":"2026-03-20T22:28:15.592","s":"s-00b8e07a","lvl":"INFO","tag":"ClipboardSessionManager","msg":"Session state transitioned","data":{"sessionId":"e42096ff-fe6a-4999-82fb-58ad84c705ce","from":"SESSION_ACTIVE","event":"JsonCopied","to":"AWAITING_PASTE"}}
{"t":"2026-03-20T22:29:00.534","s":"s-00b8e07a","lvl":"INFO","tag":"ClipboardSessionManager","msg":"Session state transitioned","data":{"sessionId":"e42096ff-fe6a-4999-82fb-58ad84c705ce","from":"AWAITING_PASTE","event":"ResponsePasted","to":"SESSION_ACTIVE"}}
{"t":"2026-03-20T22:29:44.039","s":"s-00b8e07a","lvl":"INFO","tag":"ClipboardSessionManager","msg":"Session state transitioned","data":{"sessionId":"e42096ff-fe6a-4999-82fb-58ad84c705ce","from":"SESSION_ACTIVE","event":"ForceAwaitPaste","to":"AWAITING_PASTE"}}
{"t":"2026-03-20T22:29:44.849","s":"s-00b8e07a","lvl":"INFO","tag":"ClipboardSessionManager","msg":"Session state transitioned","data":{"sessionId":"e42096ff-fe6a-4999-82fb-58ad84c705ce","from":"AWAITING_PASTE","event":"ResponsePasted","to":"SESSION_ACTIVE"}}
{"t":"2026-04-12T12:49:52.454","s":"s-11ecaa74","lvl":"SESSION","tag":"ProjectLogger","msg":"START","data":{"project":"MaxVibes","ideVersion":"2023.3.3","os":"Windows 11 10.0"}}
{"t":"2026-04-12T12:49:52.509","s":"s-11ecaa74","lvl":"INFO","tag":"ClipboardSessionManager","msg":"Session state transitioned","data":{"sessionId":"9f0a4bca-a061-417a-9a7c-747e104e9fab","from":"IDLE","event":"StartSession","to":"SESSION_ACTIVE"}}
{"t":"2026-04-12T12:49:52.755","s":"s-11ecaa74","lvl":"INFO","tag":"ClipboardSessionManager","msg":"Session state transitioned","data":{"sessionId":"9f0a4bca-a061-417a-9a7c-747e104e9fab","from":"SESSION_ACTIVE","event":"JsonCopied","to":"AWAITING_PASTE"}}
{"t":"2026-04-12T12:51:47.408","s":"s-11ecaa74","lvl":"INFO","tag":"ClipboardSessionManager","msg":"Session state transitioned","data":{"sessionId":"9f0a4bca-a061-417a-9a7c-747e104e9fab","from":"AWAITING_PASTE","event":"ResponsePasted","to":"SESSION_ACTIVE"}}
{"t":"2026-04-12T13:12:09.406","s":"s-11ecaa74","lvl":"INFO","tag":"ClipboardSessionManager","msg":"Session state transitioned","data":{"sessionId":"9f0a4bca-a061-417a-9a7c-747e104e9fab","from":"SESSION_ACTIVE","event":"JsonCopied","to":"AWAITING_PASTE"}}
{"t":"2026-04-12T13:12:50.943","s":"s-11ecaa74","lvl":"INFO","tag":"ClipboardSessionManager","msg":"Session state transitioned","data":{"sessionId":"9f0a4bca-a061-417a-9a7c-747e104e9fab","from":"AWAITING_PASTE","event":"ResponsePasted","to":"SESSION_ACTIVE"}}
{"t":"2026-04-12T13:17:27.542","s":"s-11ecaa74","lvl":"INFO","tag":"ClipboardSessionManager","msg":"Session state transitioned","data":{"sessionId":"9f0a4bca-a061-417a-9a7c-747e104e9fab","from":"SESSION_ACTIVE","event":"JsonCopied","to":"AWAITING_PASTE"}}
{"t":"2026-04-12T13:17:51.983","s":"s-11ecaa74","lvl":"INFO","tag":"ClipboardSessionManager","msg":"Session state transitioned","data":{"sessionId":"9f0a4bca-a061-417a-9a7c-747e104e9fab","from":"AWAITING_PASTE","event":"ResponsePasted","to":"SESSION_ACTIVE"}}
{"t":"2026-04-12T13:17:52.161","s":"s-11ecaa74","lvl":"INFO","tag":"ClipboardSessionManager","msg":"Session state transitioned","data":{"sessionId":"9f0a4bca-a061-417a-9a7c-747e104e9fab","from":"SESSION_ACTIVE","event":"JsonCopied","to":"AWAITING_PASTE"}}
{"t":"2026-04-12T13:20:43.873","s":"s-11ecaa74","lvl":"INFO","tag":"ClipboardSessionManager","msg":"Session state transitioned","data":{"sessionId":"9f0a4bca-a061-417a-9a7c-747e104e9fab","from":"AWAITING_PASTE","event":"ResponsePasted","to":"SESSION_ACTIVE"}}
{"t":"2026-04-12T13:23:33.505","s":"s-11ecaa74","lvl":"INFO","tag":"ClipboardSessionManager","msg":"Session state transitioned","data":{"sessionId":"8586af89-4202-4666-975f-c1e96fed3078","from":"IDLE","event":"StartSession","to":"SESSION_ACTIVE"}}
{"t":"2026-04-12T13:23:33.599","s":"s-11ecaa74","lvl":"INFO","tag":"ClipboardSessionManager","msg":"Session state transitioned","data":{"sessionId":"8586af89-4202-4666-975f-c1e96fed3078","from":"SESSION_ACTIVE","event":"JsonCopied","to":"AWAITING_PASTE"}}
{"t":"2026-04-12T13:25:38.610","s":"s-11ecaa74","lvl":"INFO","tag":"ClipboardSessionManager","msg":"Session state transitioned","data":{"sessionId":"8586af89-4202-4666-975f-c1e96fed3078","from":"AWAITING_PASTE","event":"ResponsePasted","to":"SESSION_ACTIVE"}}
{"t":"2026-04-12T13:25:38.616","s":"s-11ecaa74","lvl":"INFO","tag":"ClipboardSessionManager","msg":"Session state transitioned","data":{"sessionId":"8586af89-4202-4666-975f-c1e96fed3078","from":"SESSION_ACTIVE","event":"JsonCopied","to":"AWAITING_PASTE"}}
{"t":"2026-04-12T13:26:14.419","s":"s-11ecaa74","lvl":"INFO","tag":"ClipboardSessionManager","msg":"Session state transitioned","data":{"sessionId":"8586af89-4202-4666-975f-c1e96fed3078","from":"AWAITING_PASTE","event":"JsonCopied","to":"AWAITING_PASTE"}}
{"t":"2026-04-12T13:26:57.719","s":"s-11ecaa74","lvl":"INFO","tag":"ClipboardSessionManager","msg":"Session state transitioned","data":{"sessionId":"8586af89-4202-4666-975f-c1e96fed3078","from":"AWAITING_PASTE","event":"ResponsePasted","to":"SESSION_ACTIVE"}}
{"t":"2026-04-12T13:26:57.725","s":"s-11ecaa74","lvl":"INFO","tag":"ClipboardSessionManager","msg":"Session state transitioned","data":{"sessionId":"8586af89-4202-4666-975f-c1e96fed3078","from":"SESSION_ACTIVE","event":"JsonCopied","to":"AWAITING_PASTE"}}
{"t":"2026-04-12T13:27:33.587","s":"s-11ecaa74","lvl":"INFO","tag":"ClipboardSessionManager","msg":"Session state transitioned","data":{"sessionId":"8586af89-4202-4666-975f-c1e96fed3078","from":"AWAITING_PASTE","event":"ForceActivate","to":"SESSION_ACTIVE"}}
{"t":"2026-04-12T13:29:29.167","s":"s-11ecaa74","lvl":"INFO","tag":"ClipboardSessionManager","msg":"Session state transitioned","data":{"sessionId":"8586af89-4202-4666-975f-c1e96fed3078","from":"SESSION_ACTIVE","event":"JsonCopied","to":"AWAITING_PASTE"}}
{"t":"2026-04-12T13:30:25.778","s":"s-11ecaa74","lvl":"INFO","tag":"ClipboardSessionManager","msg":"Session state transitioned","data":{"sessionId":"8586af89-4202-4666-975f-c1e96fed3078","from":"AWAITING_PASTE","event":"ResponsePasted","to":"SESSION_ACTIVE"}}
{"t":"2026-04-12T13:32:02.701","s":"s-11ecaa74","lvl":"INFO","tag":"ClipboardSessionManager","msg":"Session state transitioned","data":{"sessionId":"8586af89-4202-4666-975f-c1e96fed3078","from":"SESSION_ACTIVE","event":"JsonCopied","to":"AWAITING_PASTE"}}
{"t":"2026-04-12T13:32:21.427","s":"s-11ecaa74","lvl":"INFO","tag":"ClipboardSessionManager","msg":"Session state transitioned","data":{"sessionId":"8586af89-4202-4666-975f-c1e96fed3078","from":"AWAITING_PASTE","event":"ResponsePasted","to":"SESSION_ACTIVE"}}
{"t":"2026-04-12T13:32:21.436","s":"s-11ecaa74","lvl":"INFO","tag":"ClipboardSessionManager","msg":"Session state transitioned","data":{"sessionId":"8586af89-4202-4666-975f-c1e96fed3078","from":"SESSION_ACTIVE","event":"JsonCopied","to":"AWAITING_PASTE"}}
{"t":"2026-04-12T13:32:51.844","s":"s-11ecaa74","lvl":"INFO","tag":"ClipboardSessionManager","msg":"Session state transitioned","data":{"sessionId":"8586af89-4202-4666-975f-c1e96fed3078","from":"AWAITING_PASTE","event":"ResponsePasted","to":"SESSION_ACTIVE"}}
{"t":"2026-04-12T13:34:02.568","s":"s-11ecaa74","lvl":"INFO","tag":"ClipboardSessionManager","msg":"Session state transitioned","data":{"sessionId":"8586af89-4202-4666-975f-c1e96fed3078","from":"SESSION_ACTIVE","event":"JsonCopied","to":"AWAITING_PASTE"}}
{"t":"2026-04-12T13:34:33.181","s":"s-11ecaa74","lvl":"INFO","tag":"ClipboardSessionManager","msg":"Session state transitioned","data":{"sessionId":"8586af89-4202-4666-975f-c1e96fed3078","from":"AWAITING_PASTE","event":"ResponsePasted","to":"SESSION_ACTIVE"}}
{"t":"2026-04-12T13:35:29.781","s":"s-11ecaa74","lvl":"INFO","tag":"ClipboardSessionManager","msg":"Session state transitioned","data":{"sessionId":"8586af89-4202-4666-975f-c1e96fed3078","from":"SESSION_ACTIVE","event":"JsonCopied","to":"AWAITING_PASTE"}}
{"t":"2026-04-12T13:35:56.888","s":"s-11ecaa74","lvl":"INFO","tag":"ClipboardSessionManager","msg":"Session state transitioned","data":{"sessionId":"8586af89-4202-4666-975f-c1e96fed3078","from":"AWAITING_PASTE","event":"ResponsePasted","to":"SESSION_ACTIVE"}}
{"t":"2026-04-12T13:36:52.085","s":"s-11ecaa74","lvl":"INFO","tag":"ClipboardSessionManager","msg":"Session state transitioned","data":{"sessionId":"8586af89-4202-4666-975f-c1e96fed3078","from":"SESSION_ACTIVE","event":"JsonCopied","to":"AWAITING_PASTE"}}
{"t":"2026-04-12T13:37:08.726","s":"s-11ecaa74","lvl":"INFO","tag":"ClipboardSessionManager","msg":"Session state transitioned","data":{"sessionId":"8586af89-4202-4666-975f-c1e96fed3078","from":"AWAITING_PASTE","event":"ResponsePasted","to":"SESSION_ACTIVE"}}
{"t":"2026-04-12T13:38:02.173","s":"s-11ecaa74","lvl":"INFO","tag":"ClipboardSessionManager","msg":"Session state transitioned","data":{"sessionId":"8586af89-4202-4666-975f-c1e96fed3078","from":"SESSION_ACTIVE","event":"JsonCopied","to":"AWAITING_PASTE"}}
{"t":"2026-04-12T13:38:17.542","s":"s-11ecaa74","lvl":"INFO","tag":"ClipboardSessionManager","msg":"Session state transitioned","data":{"sessionId":"8586af89-4202-4666-975f-c1e96fed3078","from":"AWAITING_PASTE","event":"ResponsePasted","to":"SESSION_ACTIVE"}}
{"t":"2026-04-12T13:38:17.548","s":"s-11ecaa74","lvl":"INFO","tag":"ClipboardSessionManager","msg":"Session state transitioned","data":{"sessionId":"8586af89-4202-4666-975f-c1e96fed3078","from":"SESSION_ACTIVE","event":"JsonCopied","to":"AWAITING_PASTE"}}
{"t":"2026-04-12T13:39:03.606","s":"s-11ecaa74","lvl":"INFO","tag":"ClipboardSessionManager","msg":"Session state transitioned","data":{"sessionId":"8586af89-4202-4666-975f-c1e96fed3078","from":"AWAITING_PASTE","event":"ResponsePasted","to":"SESSION_ACTIVE"}}
{"t":"2026-04-12T13:41:09.248","s":"s-11ecaa74","lvl":"INFO","tag":"ClipboardSessionManager","msg":"Session state transitioned","data":{"sessionId":"8586af89-4202-4666-975f-c1e96fed3078","from":"SESSION_ACTIVE","event":"JsonCopied","to":"AWAITING_PASTE"}}
{"t":"2026-04-12T13:41:42.016","s":"s-11ecaa74","lvl":"INFO","tag":"ClipboardSessionManager","msg":"Session state transitioned","data":{"sessionId":"8586af89-4202-4666-975f-c1e96fed3078","from":"AWAITING_PASTE","event":"ResponsePasted","to":"SESSION_ACTIVE"}}
{"t":"2026-04-12T13:42:15.217","s":"s-11ecaa74","lvl":"INFO","tag":"ClipboardSessionManager","msg":"Session state transitioned","data":{"sessionId":"8586af89-4202-4666-975f-c1e96fed3078","from":"SESSION_ACTIVE","event":"JsonCopied","to":"AWAITING_PASTE"}}
{"t":"2026-04-12T13:42:31.677","s":"s-11ecaa74","lvl":"INFO","tag":"ClipboardSessionManager","msg":"Session state transitioned","data":{"sessionId":"8586af89-4202-4666-975f-c1e96fed3078","from":"AWAITING_PASTE","event":"ResponsePasted","to":"SESSION_ACTIVE"}}
{"t":"2026-04-12T13:42:31.685","s":"s-11ecaa74","lvl":"INFO","tag":"ClipboardSessionManager","msg":"Session state transitioned","data":{"sessionId":"8586af89-4202-4666-975f-c1e96fed3078","from":"SESSION_ACTIVE","event":"JsonCopied","to":"AWAITING_PASTE"}}
{"t":"2026-04-12T13:43:13.433","s":"s-11ecaa74","lvl":"INFO","tag":"ClipboardSessionManager","msg":"Session state transitioned","data":{"sessionId":"8586af89-4202-4666-975f-c1e96fed3078","from":"AWAITING_PASTE","event":"ResponsePasted","to":"SESSION_ACTIVE"}}
{"t":"2026-04-12T13:43:57.953","s":"s-11ecaa74","lvl":"INFO","tag":"ClipboardSessionManager","msg":"Session state transitioned","data":{"sessionId":"8586af89-4202-4666-975f-c1e96fed3078","from":"SESSION_ACTIVE","event":"JsonCopied","to":"AWAITING_PASTE"}}
{"t":"2026-04-12T13:44:17.035","s":"s-11ecaa74","lvl":"INFO","tag":"ClipboardSessionManager","msg":"Session state transitioned","data":{"sessionId":"8586af89-4202-4666-975f-c1e96fed3078","from":"AWAITING_PASTE","event":"ResponsePasted","to":"SESSION_ACTIVE"}}
{"t":"2026-04-12T13:44:17.042","s":"s-11ecaa74","lvl":"INFO","tag":"ClipboardSessionManager","msg":"Session state transitioned","data":{"sessionId":"8586af89-4202-4666-975f-c1e96fed3078","from":"SESSION_ACTIVE","event":"JsonCopied","to":"AWAITING_PASTE"}}
{"t":"2026-04-12T13:44:56.255","s":"s-11ecaa74","lvl":"INFO","tag":"ClipboardSessionManager","msg":"Session state transitioned","data":{"sessionId":"8586af89-4202-4666-975f-c1e96fed3078","from":"AWAITING_PASTE","event":"ResponsePasted","to":"SESSION_ACTIVE"}}
{"t":"2026-04-12T13:45:43.077","s":"s-11ecaa74","lvl":"INFO","tag":"ClipboardSessionManager","msg":"Session state transitioned","data":{"sessionId":"8586af89-4202-4666-975f-c1e96fed3078","from":"SESSION_ACTIVE","event":"JsonCopied","to":"AWAITING_PASTE"}}
{"t":"2026-04-12T13:46:00.060","s":"s-11ecaa74","lvl":"INFO","tag":"ClipboardSessionManager","msg":"Session state transitioned","data":{"sessionId":"8586af89-4202-4666-975f-c1e96fed3078","from":"AWAITING_PASTE","event":"ResponsePasted","to":"SESSION_ACTIVE"}}
{"t":"2026-04-12T13:46:00.063","s":"s-11ecaa74","lvl":"INFO","tag":"ClipboardSessionManager","msg":"Session state transitioned","data":{"sessionId":"8586af89-4202-4666-975f-c1e96fed3078","from":"SESSION_ACTIVE","event":"JsonCopied","to":"AWAITING_PASTE"}}
{"t":"2026-04-12T13:46:21.254","s":"s-11ecaa74","lvl":"INFO","tag":"ClipboardSessionManager","msg":"Session state transitioned","data":{"sessionId":"8586af89-4202-4666-975f-c1e96fed3078","from":"AWAITING_PASTE","event":"ResponsePasted","to":"SESSION_ACTIVE"}}
{"t":"2026-04-12T13:46:43.021","s":"s-11ecaa74","lvl":"INFO","tag":"ClipboardSessionManager","msg":"Session state transitioned","data":{"sessionId":"8586af89-4202-4666-975f-c1e96fed3078","from":"SESSION_ACTIVE","event":"JsonCopied","to":"AWAITING_PASTE"}}
{"t":"2026-04-12T13:46:57.670","s":"s-11ecaa74","lvl":"INFO","tag":"ClipboardSessionManager","msg":"Session state transitioned","data":{"sessionId":"8586af89-4202-4666-975f-c1e96fed3078","from":"AWAITING_PASTE","event":"ResponsePasted","to":"SESSION_ACTIVE"}}
{"t":"2026-04-12T13:46:57.675","s":"s-11ecaa74","lvl":"INFO","tag":"ClipboardSessionManager","msg":"Session state transitioned","data":{"sessionId":"8586af89-4202-4666-975f-c1e96fed3078","from":"SESSION_ACTIVE","event":"JsonCopied","to":"AWAITING_PASTE"}}
{"t":"2026-04-12T13:47:17.580","s":"s-11ecaa74","lvl":"INFO","tag":"ClipboardSessionManager","msg":"Session state transitioned","data":{"sessionId":"8586af89-4202-4666-975f-c1e96fed3078","from":"AWAITING_PASTE","event":"ResponsePasted","to":"SESSION_ACTIVE"}}
{"t":"2026-04-12T13:48:15.246","s":"s-11ecaa74","lvl":"INFO","tag":"ClipboardSessionManager","msg":"Session state transitioned","data":{"sessionId":"8586af89-4202-4666-975f-c1e96fed3078","from":"SESSION_ACTIVE","event":"JsonCopied","to":"AWAITING_PASTE"}}
{"t":"2026-04-12T13:48:26.543","s":"s-11ecaa74","lvl":"INFO","tag":"ClipboardSessionManager","msg":"Session state transitioned","data":{"sessionId":"8586af89-4202-4666-975f-c1e96fed3078","from":"AWAITING_PASTE","event":"ResponsePasted","to":"SESSION_ACTIVE"}}
{"t":"2026-04-12T13:48:26.550","s":"s-11ecaa74","lvl":"INFO","tag":"ClipboardSessionManager","msg":"Session state transitioned","data":{"sessionId":"8586af89-4202-4666-975f-c1e96fed3078","from":"SESSION_ACTIVE","event":"JsonCopied","to":"AWAITING_PASTE"}}
{"t":"2026-04-12T13:49:55.236","s":"s-11ecaa74","lvl":"INFO","tag":"ClipboardSessionManager","msg":"Session state transitioned","data":{"sessionId":"8586af89-4202-4666-975f-c1e96fed3078","from":"AWAITING_PASTE","event":"ResponsePasted","to":"SESSION_ACTIVE"}}
{"t":"2026-04-12T13:53:32.883","s":"s-11ecaa74","lvl":"INFO","tag":"ClipboardSessionManager","msg":"Session state transitioned","data":{"sessionId":"8586af89-4202-4666-975f-c1e96fed3078","from":"SESSION_ACTIVE","event":"JsonCopied","to":"AWAITING_PASTE"}}
{"t":"2026-04-12T13:54:43.992","s":"s-11ecaa74","lvl":"INFO","tag":"ClipboardSessionManager","msg":"Session state transitioned","data":{"sessionId":"8586af89-4202-4666-975f-c1e96fed3078","from":"AWAITING_PASTE","event":"ResponsePasted","to":"SESSION_ACTIVE"}}
{"t":"2026-04-12T13:54:53.232","s":"s-11ecaa74","lvl":"INFO","tag":"ClipboardSessionManager","msg":"Session state transitioned","data":{"sessionId":"8586af89-4202-4666-975f-c1e96fed3078","from":"SESSION_ACTIVE","event":"JsonCopied","to":"AWAITING_PASTE"}}
{"t":"2026-04-12T13:55:52.259","s":"s-11ecaa74","lvl":"INFO","tag":"ClipboardSessionManager","msg":"Session state transitioned","data":{"sessionId":"8586af89-4202-4666-975f-c1e96fed3078","from":"AWAITING_PASTE","event":"ResponsePasted","to":"SESSION_ACTIVE"}}
{"t":"2026-04-12T13:57:28.528","s":"s-11ecaa74","lvl":"INFO","tag":"ClipboardSessionManager","msg":"Session state transitioned","data":{"sessionId":"8586af89-4202-4666-975f-c1e96fed3078","from":"SESSION_ACTIVE","event":"JsonCopied","to":"AWAITING_PASTE"}}
{"t":"2026-04-12T13:58:01.499","s":"s-11ecaa74","lvl":"INFO","tag":"ClipboardSessionManager","msg":"Session state transitioned","data":{"sessionId":"8586af89-4202-4666-975f-c1e96fed3078","from":"AWAITING_PASTE","event":"ResponsePasted","to":"SESSION_ACTIVE"}}
{"t":"2026-04-12T14:01:10.737","s":"s-11ecaa74","lvl":"INFO","tag":"ClipboardSessionManager","msg":"Session state transitioned","data":{"sessionId":"8586af89-4202-4666-975f-c1e96fed3078","from":"SESSION_ACTIVE","event":"JsonCopied","to":"AWAITING_PASTE"}}
{"t":"2026-04-12T14:02:41.960","s":"s-11ecaa74","lvl":"INFO","tag":"ClipboardSessionManager","msg":"Session state transitioned","data":{"sessionId":"8586af89-4202-4666-975f-c1e96fed3078","from":"AWAITING_PASTE","event":"ResponsePasted","to":"SESSION_ACTIVE"}}
{"t":"2026-04-12T14:06:26.041","s":"s-11ecaa74","lvl":"INFO","tag":"ClipboardSessionManager","msg":"Session state transitioned","data":{"sessionId":"8586af89-4202-4666-975f-c1e96fed3078","from":"SESSION_ACTIVE","event":"JsonCopied","to":"AWAITING_PASTE"}}
{"t":"2026-04-12T14:06:49.866","s":"s-11ecaa74","lvl":"INFO","tag":"ClipboardSessionManager","msg":"Session state transitioned","data":{"sessionId":"8586af89-4202-4666-975f-c1e96fed3078","from":"AWAITING_PASTE","event":"ResponsePasted","to":"SESSION_ACTIVE"}}
{"t":"2026-04-12T14:06:49.872","s":"s-11ecaa74","lvl":"INFO","tag":"ClipboardSessionManager","msg":"Session state transitioned","data":{"sessionId":"8586af89-4202-4666-975f-c1e96fed3078","from":"SESSION_ACTIVE","event":"JsonCopied","to":"AWAITING_PASTE"}}
{"t":"2026-04-12T14:07:05.296","s":"s-11ecaa74","lvl":"INFO","tag":"ClipboardSessionManager","msg":"Session state transitioned","data":{"sessionId":"8586af89-4202-4666-975f-c1e96fed3078","from":"AWAITING_PASTE","event":"ResponsePasted","to":"SESSION_ACTIVE"}}
{"t":"2026-04-12T14:07:05.302","s":"s-11ecaa74","lvl":"INFO","tag":"ClipboardSessionManager","msg":"Session state transitioned","data":{"sessionId":"8586af89-4202-4666-975f-c1e96fed3078","from":"SESSION_ACTIVE","event":"JsonCopied","to":"AWAITING_PASTE"}}
{"t":"2026-04-12T14:07:55.880","s":"s-11ecaa74","lvl":"INFO","tag":"ClipboardSessionManager","msg":"Session state transitioned","data":{"sessionId":"8586af89-4202-4666-975f-c1e96fed3078","from":"AWAITING_PASTE","event":"ResponsePasted","to":"SESSION_ACTIVE"}}
{"t":"2026-04-12T14:11:34.608","s":"s-11ecaa74","lvl":"INFO","tag":"ClipboardSessionManager","msg":"Session state transitioned","data":{"sessionId":"8586af89-4202-4666-975f-c1e96fed3078","from":"SESSION_ACTIVE","event":"JsonCopied","to":"AWAITING_PASTE"}}
{"t":"2026-04-12T14:14:19.889","s":"s-11ecaa74","lvl":"INFO","tag":"ClipboardSessionManager","msg":"Session state transitioned","data":{"sessionId":"8586af89-4202-4666-975f-c1e96fed3078","from":"AWAITING_PASTE","event":"ResponsePasted","to":"SESSION_ACTIVE"}}
{"t":"2026-04-12T14:14:19.891","s":"s-11ecaa74","lvl":"INFO","tag":"ClipboardSessionManager","msg":"Session state transitioned","data":{"sessionId":"8586af89-4202-4666-975f-c1e96fed3078","from":"SESSION_ACTIVE","event":"JsonCopied","to":"AWAITING_PASTE"}}
{"t":"2026-04-12T14:17:07.653","s":"s-11ecaa74","lvl":"INFO","tag":"ClipboardSessionManager","msg":"Session state transitioned","data":{"sessionId":"8586af89-4202-4666-975f-c1e96fed3078","from":"AWAITING_PASTE","event":"ResponsePasted","to":"SESSION_ACTIVE"}}
{"t":"2026-04-12T14:21:38.909","s":"s-11ecaa74","lvl":"INFO","tag":"ClipboardSessionManager","msg":"Session state transitioned","data":{"sessionId":"8586af89-4202-4666-975f-c1e96fed3078","from":"SESSION_ACTIVE","event":"JsonCopied","to":"AWAITING_PASTE"}}
{"t":"2026-04-12T14:22:01.685","s":"s-11ecaa74","lvl":"INFO","tag":"ClipboardSessionManager","msg":"Session state transitioned","data":{"sessionId":"8586af89-4202-4666-975f-c1e96fed3078","from":"AWAITING_PASTE","event":"ResponsePasted","to":"SESSION_ACTIVE"}}
{"t":"2026-04-12T14:22:01.688","s":"s-11ecaa74","lvl":"INFO","tag":"ClipboardSessionManager","msg":"Session state transitioned","data":{"sessionId":"8586af89-4202-4666-975f-c1e96fed3078","from":"SESSION_ACTIVE","event":"JsonCopied","to":"AWAITING_PASTE"}}
{"t":"2026-04-12T14:22:18.170","s":"s-11ecaa74","lvl":"INFO","tag":"ClipboardSessionManager","msg":"Session state transitioned","data":{"sessionId":"8586af89-4202-4666-975f-c1e96fed3078","from":"AWAITING_PASTE","event":"ResponsePasted","to":"SESSION_ACTIVE"}}
{"t":"2026-04-12T14:22:18.172","s":"s-11ecaa74","lvl":"INFO","tag":"ClipboardSessionManager","msg":"Session state transitioned","data":{"sessionId":"8586af89-4202-4666-975f-c1e96fed3078","from":"SESSION_ACTIVE","event":"JsonCopied","to":"AWAITING_PASTE"}}
{"t":"2026-04-12T14:22:35.774","s":"s-11ecaa74","lvl":"INFO","tag":"ClipboardSessionManager","msg":"Session state transitioned","data":{"sessionId":"8586af89-4202-4666-975f-c1e96fed3078","from":"AWAITING_PASTE","event":"ResponsePasted","to":"SESSION_ACTIVE"}}
{"t":"2026-04-12T14:26:09.971","s":"s-11ecaa74","lvl":"INFO","tag":"ClipboardSessionManager","msg":"Session state transitioned","data":{"sessionId":"8586af89-4202-4666-975f-c1e96fed3078","from":"SESSION_ACTIVE","event":"JsonCopied","to":"AWAITING_PASTE"}}
{"t":"2026-04-12T14:27:08.883","s":"s-11ecaa74","lvl":"INFO","tag":"ClipboardSessionManager","msg":"Session state transitioned","data":{"sessionId":"8586af89-4202-4666-975f-c1e96fed3078","from":"AWAITING_PASTE","event":"ResponsePasted","to":"SESSION_ACTIVE"}}
{"t":"2026-05-07T13:45:11.442","s":"s-d7858724","lvl":"SESSION","tag":"ProjectLogger","msg":"START","data":{"project":"MaxVibes","ideVersion":"2023.3.3","os":"Windows 11 10.0"}}
{"t":"2026-05-07T13:45:11.498","s":"s-d7858724","lvl":"INFO","tag":"ClipboardSessionManager","msg":"Session state transitioned","data":{"sessionId":"955bc185-d49d-4a00-9a26-ac0776642643","from":"IDLE","event":"StartSession","to":"SESSION_ACTIVE"}}
{"t":"2026-05-07T13:45:11.741","s":"s-d7858724","lvl":"INFO","tag":"ClipboardSessionManager","msg":"Session state transitioned","data":{"sessionId":"955bc185-d49d-4a00-9a26-ac0776642643","from":"SESSION_ACTIVE","event":"JsonCopied","to":"AWAITING_PASTE"}}
{"t":"2026-05-07T13:47:38.172","s":"s-d7858724","lvl":"INFO","tag":"ClipboardSessionManager","msg":"Session state transitioned","data":{"sessionId":"955bc185-d49d-4a00-9a26-ac0776642643","from":"AWAITING_PASTE","event":"ResponsePasted","to":"SESSION_ACTIVE"}}
{"t":"2026-05-07T13:47:38.412","s":"s-d7858724","lvl":"INFO","tag":"ClipboardSessionManager","msg":"Session state transitioned","data":{"sessionId":"955bc185-d49d-4a00-9a26-ac0776642643","from":"SESSION_ACTIVE","event":"JsonCopied","to":"AWAITING_PASTE"}}
{"t":"2026-05-07T13:50:14.620","s":"s-d7858724","lvl":"INFO","tag":"ClipboardSessionManager","msg":"Session state transitioned","data":{"sessionId":"955bc185-d49d-4a00-9a26-ac0776642643","from":"AWAITING_PASTE","event":"ResponsePasted","to":"SESSION_ACTIVE"}}
{"t":"2026-05-07T13:57:22.894","s":"s-d7858724","lvl":"INFO","tag":"ClipboardSessionManager","msg":"Session state transitioned","data":{"sessionId":"955bc185-d49d-4a00-9a26-ac0776642643","from":"SESSION_ACTIVE","event":"JsonCopied","to":"AWAITING_PASTE"}}
{"t":"2026-05-07T13:59:35.875","s":"s-d7858724","lvl":"INFO","tag":"ClipboardSessionManager","msg":"Session state transitioned","data":{"sessionId":"955bc185-d49d-4a00-9a26-ac0776642643","from":"AWAITING_PASTE","event":"ResponsePasted","to":"SESSION_ACTIVE"}}
{"t":"2026-05-07T14:05:07.235","s":"s-d7858724","lvl":"INFO","tag":"ClipboardSessionManager","msg":"Session state transitioned","data":{"sessionId":"955bc185-d49d-4a00-9a26-ac0776642643","from":"SESSION_ACTIVE","event":"JsonCopied","to":"AWAITING_PASTE"}}
{"t":"2026-05-07T14:14:47.360","s":"s-d7858724","lvl":"INFO","tag":"ClipboardSessionManager","msg":"Session state transitioned","data":{"sessionId":"955bc185-d49d-4a00-9a26-ac0776642643","from":"AWAITING_PASTE","event":"ResponsePasted","to":"SESSION_ACTIVE"}}
{"t":"2026-05-07T14:16:24.437","s":"s-d7858724","lvl":"INFO","tag":"ClipboardSessionManager","msg":"Session state transitioned","data":{"sessionId":"955bc185-d49d-4a00-9a26-ac0776642643","from":"SESSION_ACTIVE","event":"JsonCopied","to":"AWAITING_PASTE"}}
{"t":"2026-05-07T14:17:39.701","s":"s-d7858724","lvl":"INFO","tag":"ClipboardSessionManager","msg":"Session state transitioned","data":{"sessionId":"955bc185-d49d-4a00-9a26-ac0776642643","from":"AWAITING_PASTE","event":"ResponsePasted","to":"SESSION_ACTIVE"}}
{"t":"2026-05-07T14:42:21.364","s":"s-d7858724","lvl":"INFO","tag":"ClipboardSessionManager","msg":"Session state transitioned","data":{"sessionId":"ea38509f-e6a3-4c07-9524-f58086aa52eb","from":"IDLE","event":"StartSession","to":"SESSION_ACTIVE"}}
{"t":"2026-05-07T14:42:21.475","s":"s-d7858724","lvl":"INFO","tag":"ClipboardSessionManager","msg":"Session state transitioned","data":{"sessionId":"ea38509f-e6a3-4c07-9524-f58086aa52eb","from":"SESSION_ACTIVE","event":"JsonCopied","to":"AWAITING_PASTE"}}
{"t":"2026-05-07T14:43:08.134","s":"s-d7858724","lvl":"INFO","tag":"ClipboardSessionManager","msg":"Session state transitioned","data":{"sessionId":"ea38509f-e6a3-4c07-9524-f58086aa52eb","from":"AWAITING_PASTE","event":"ResponsePasted","to":"SESSION_ACTIVE"}}
{"t":"2026-05-07T14:43:08.141","s":"s-d7858724","lvl":"INFO","tag":"ClipboardSessionManager","msg":"Session state transitioned","data":{"sessionId":"ea38509f-e6a3-4c07-9524-f58086aa52eb","from":"SESSION_ACTIVE","event":"JsonCopied","to":"AWAITING_PASTE"}}
{"t":"2026-05-07T14:45:05.870","s":"s-d7858724","lvl":"INFO","tag":"ClipboardSessionManager","msg":"Session state transitioned","data":{"sessionId":"ea38509f-e6a3-4c07-9524-f58086aa52eb","from":"AWAITING_PASTE","event":"ResponsePasted","to":"SESSION_ACTIVE"}}
{"t":"2026-05-07T14:46:06.680","s":"s-d7858724","lvl":"INFO","tag":"ClipboardSessionManager","msg":"Session state transitioned","data":{"sessionId":"ea38509f-e6a3-4c07-9524-f58086aa52eb","from":"SESSION_ACTIVE","event":"ForceAwaitPaste","to":"AWAITING_PASTE"}}
{"t":"2026-05-07T14:46:08.737","s":"s-d7858724","lvl":"INFO","tag":"ClipboardSessionManager","msg":"Session state transitioned","data":{"sessionId":"ea38509f-e6a3-4c07-9524-f58086aa52eb","from":"AWAITING_PASTE","event":"ResponsePasted","to":"SESSION_ACTIVE"}}
{"t":"2026-05-07T14:47:00.720","s":"s-d7858724","lvl":"INFO","tag":"ClipboardSessionManager","msg":"Session state transitioned","data":{"sessionId":"ea38509f-e6a3-4c07-9524-f58086aa52eb","from":"SESSION_ACTIVE","event":"JsonCopied","to":"AWAITING_PASTE"}}
{"t":"2026-05-07T14:47:20.144","s":"s-d7858724","lvl":"INFO","tag":"ClipboardSessionManager","msg":"Session state transitioned","data":{"sessionId":"ea38509f-e6a3-4c07-9524-f58086aa52eb","from":"AWAITING_PASTE","event":"ResponsePasted","to":"SESSION_ACTIVE"}}
{"t":"2026-05-07T14:47:20.152","s":"s-d7858724","lvl":"INFO","tag":"ClipboardSessionManager","msg":"Session state transitioned","data":{"sessionId":"ea38509f-e6a3-4c07-9524-f58086aa52eb","from":"SESSION_ACTIVE","event":"JsonCopied","to":"AWAITING_PASTE"}}
{"t":"2026-05-07T14:48:27.289","s":"s-d7858724","lvl":"INFO","tag":"ClipboardSessionManager","msg":"Session state transitioned","data":{"sessionId":"ea38509f-e6a3-4c07-9524-f58086aa52eb","from":"AWAITING_PASTE","event":"ResponsePasted","to":"SESSION_ACTIVE"}}
{"t":"2026-05-07T14:49:16.440","s":"s-d7858724","lvl":"INFO","tag":"ClipboardSessionManager","msg":"Session state transitioned","data":{"sessionId":"ea38509f-e6a3-4c07-9524-f58086aa52eb","from":"SESSION_ACTIVE","event":"JsonCopied","to":"AWAITING_PASTE"}}
{"t":"2026-05-07T14:50:33.073","s":"s-d7858724","lvl":"INFO","tag":"ClipboardSessionManager","msg":"Session state transitioned","data":{"sessionId":"ea38509f-e6a3-4c07-9524-f58086aa52eb","from":"AWAITING_PASTE","event":"ResponsePasted","to":"SESSION_ACTIVE"}}
{"t":"2026-05-07T14:50:33.084","s":"s-d7858724","lvl":"INFO","tag":"ClipboardSessionManager","msg":"Session state transitioned","data":{"sessionId":"ea38509f-e6a3-4c07-9524-f58086aa52eb","from":"SESSION_ACTIVE","event":"JsonCopied","to":"AWAITING_PASTE"}}
{"t":"2026-05-07T14:52:59.554","s":"s-d7858724","lvl":"INFO","tag":"ClipboardSessionManager","msg":"Session state transitioned","data":{"sessionId":"ea38509f-e6a3-4c07-9524-f58086aa52eb","from":"AWAITING_PASTE","event":"ResponsePasted","to":"SESSION_ACTIVE"}}
{"t":"2026-05-07T14:52:59.716","s":"s-d7858724","lvl":"INFO","tag":"ClipboardSessionManager","msg":"Session state transitioned","data":{"sessionId":"ea38509f-e6a3-4c07-9524-f58086aa52eb","from":"SESSION_ACTIVE","event":"JsonCopied","to":"AWAITING_PASTE"}}
{"t":"2026-05-07T14:53:49.801","s":"s-d7858724","lvl":"INFO","tag":"ClipboardSessionManager","msg":"Session state transitioned","data":{"sessionId":"ea38509f-e6a3-4c07-9524-f58086aa52eb","from":"AWAITING_PASTE","event":"ResponsePasted","to":"SESSION_ACTIVE"}}
{"t":"2026-05-07T14:54:07.907","s":"s-d7858724","lvl":"INFO","tag":"ClipboardSessionManager","msg":"Session state transitioned","data":{"sessionId":"ea38509f-e6a3-4c07-9524-f58086aa52eb","from":"SESSION_ACTIVE","event":"JsonCopied","to":"AWAITING_PASTE"}}
{"t":"2026-05-07T14:54:13.969","s":"s-d7858724","lvl":"INFO","tag":"ClipboardSessionManager","msg":"Session state transitioned","data":{"sessionId":"ea38509f-e6a3-4c07-9524-f58086aa52eb","from":"AWAITING_PASTE","event":"ResponsePasted","to":"SESSION_ACTIVE"}}
{"t":"2026-05-07T14:54:13.979","s":"s-d7858724","lvl":"INFO","tag":"ClipboardSessionManager","msg":"Session state transitioned","data":{"sessionId":"ea38509f-e6a3-4c07-9524-f58086aa52eb","from":"SESSION_ACTIVE","event":"JsonCopied","to":"AWAITING_PASTE"}}
{"t":"2026-05-07T14:54:32.105","s":"s-d7858724","lvl":"INFO","tag":"ClipboardSessionManager","msg":"Session state transitioned","data":{"sessionId":"ea38509f-e6a3-4c07-9524-f58086aa52eb","from":"AWAITING_PASTE","event":"ResponsePasted","to":"SESSION_ACTIVE"}}
{"t":"2026-05-07T14:54:32.109","s":"s-d7858724","lvl":"INFO","tag":"ClipboardSessionManager","msg":"Session state transitioned","data":{"sessionId":"ea38509f-e6a3-4c07-9524-f58086aa52eb","from":"SESSION_ACTIVE","event":"JsonCopied","to":"AWAITING_PASTE"}}
{"t":"2026-05-07T14:55:32.180","s":"s-d7858724","lvl":"INFO","tag":"ClipboardSessionManager","msg":"Session state transitioned","data":{"sessionId":"ea38509f-e6a3-4c07-9524-f58086aa52eb","from":"AWAITING_PASTE","event":"ResponsePasted","to":"SESSION_ACTIVE"}}
{"t":"2026-05-07T14:55:33.352","s":"s-d7858724","lvl":"INFO","tag":"ClipboardSessionManager","msg":"Session state transitioned","data":{"sessionId":"ea38509f-e6a3-4c07-9524-f58086aa52eb","from":"SESSION_ACTIVE","event":"JsonCopied","to":"AWAITING_PASTE"}}
{"t":"2026-05-07T14:56:16.362","s":"s-d7858724","lvl":"INFO","tag":"ClipboardSessionManager","msg":"Session state transitioned","data":{"sessionId":"ea38509f-e6a3-4c07-9524-f58086aa52eb","from":"AWAITING_PASTE","event":"ResponsePasted","to":"SESSION_ACTIVE"}}
{"t":"2026-05-07T14:56:16.365","s":"s-d7858724","lvl":"INFO","tag":"ClipboardSessionManager","msg":"Session state transitioned","data":{"sessionId":"ea38509f-e6a3-4c07-9524-f58086aa52eb","from":"SESSION_ACTIVE","event":"JsonCopied","to":"AWAITING_PASTE"}}
{"t":"2026-05-07T14:56:47.719","s":"s-d7858724","lvl":"INFO","tag":"ClipboardSessionManager","msg":"Session state transitioned","data":{"sessionId":"ea38509f-e6a3-4c07-9524-f58086aa52eb","from":"AWAITING_PASTE","event":"ResponsePasted","to":"SESSION_ACTIVE"}}
{"t":"2026-05-07T14:56:47.724","s":"s-d7858724","lvl":"INFO","tag":"ClipboardSessionManager","msg":"Session state transitioned","data":{"sessionId":"ea38509f-e6a3-4c07-9524-f58086aa52eb","from":"SESSION_ACTIVE","event":"JsonCopied","to":"AWAITING_PASTE"}}
{"t":"2026-05-07T14:57:25.390","s":"s-d7858724","lvl":"INFO","tag":"ClipboardSessionManager","msg":"Session state transitioned","data":{"sessionId":"ea38509f-e6a3-4c07-9524-f58086aa52eb","from":"AWAITING_PASTE","event":"ResponsePasted","to":"SESSION_ACTIVE"}}
{"t":"2026-05-07T14:57:25.394","s":"s-d7858724","lvl":"INFO","tag":"ClipboardSessionManager","msg":"Session state transitioned","data":{"sessionId":"ea38509f-e6a3-4c07-9524-f58086aa52eb","from":"SESSION_ACTIVE","event":"JsonCopied","to":"AWAITING_PASTE"}}
{"t":"2026-05-07T14:57:41.199","s":"s-d7858724","lvl":"INFO","tag":"ClipboardSessionManager","msg":"Session state transitioned","data":{"sessionId":"ea38509f-e6a3-4c07-9524-f58086aa52eb","from":"AWAITING_PASTE","event":"ResponsePasted","to":"SESSION_ACTIVE"}}
{"t":"2026-05-07T14:57:41.201","s":"s-d7858724","lvl":"INFO","tag":"ClipboardSessionManager","msg":"Session state transitioned","data":{"sessionId":"ea38509f-e6a3-4c07-9524-f58086aa52eb","from":"SESSION_ACTIVE","event":"JsonCopied","to":"AWAITING_PASTE"}}
{"t":"2026-05-07T14:57:52.936","s":"s-d7858724","lvl":"INFO","tag":"ClipboardSessionManager","msg":"Session state transitioned","data":{"sessionId":"ea38509f-e6a3-4c07-9524-f58086aa52eb","from":"AWAITING_PASTE","event":"ResponsePasted","to":"SESSION_ACTIVE"}}
{"t":"2026-05-07T14:57:52.940","s":"s-d7858724","lvl":"INFO","tag":"ClipboardSessionManager","msg":"Session state transitioned","data":{"sessionId":"ea38509f-e6a3-4c07-9524-f58086aa52eb","from":"SESSION_ACTIVE","event":"JsonCopied","to":"AWAITING_PASTE"}}
{"t":"2026-05-07T14:58:17.359","s":"s-d7858724","lvl":"INFO","tag":"ClipboardSessionManager","msg":"Session state transitioned","data":{"sessionId":"ea38509f-e6a3-4c07-9524-f58086aa52eb","from":"AWAITING_PASTE","event":"ResponsePasted","to":"SESSION_ACTIVE"}}
{"t":"2026-05-07T14:58:17.364","s":"s-d7858724","lvl":"INFO","tag":"ClipboardSessionManager","msg":"Session state transitioned","data":{"sessionId":"ea38509f-e6a3-4c07-9524-f58086aa52eb","from":"SESSION_ACTIVE","event":"JsonCopied","to":"AWAITING_PASTE"}}
{"t":"2026-05-07T18:11:31.549","s":"s-d7858724","lvl":"INFO","tag":"ClipboardSessionManager","msg":"Session state transitioned","data":{"sessionId":"ea38509f-e6a3-4c07-9524-f58086aa52eb","from":"AWAITING_PASTE","event":"ForceActivate","to":"SESSION_ACTIVE"}}
{"t":"2026-05-07T18:13:25.196","s":"s-d7858724","lvl":"INFO","tag":"ClipboardSessionManager","msg":"Session state transitioned","data":{"sessionId":"ea38509f-e6a3-4c07-9524-f58086aa52eb","from":"SESSION_ACTIVE","event":"JsonCopied","to":"AWAITING_PASTE"}}
{"t":"2026-05-07T18:14:05.615","s":"s-d7858724","lvl":"INFO","tag":"ClipboardSessionManager","msg":"Session state transitioned","data":{"sessionId":"ea38509f-e6a3-4c07-9524-f58086aa52eb","from":"AWAITING_PASTE","event":"ResponsePasted","to":"SESSION_ACTIVE"}}
{"t":"2026-05-07T18:14:06.161","s":"s-d7858724","lvl":"INFO","tag":"ClipboardSessionManager","msg":"Session state transitioned","data":{"sessionId":"ea38509f-e6a3-4c07-9524-f58086aa52eb","from":"SESSION_ACTIVE","event":"JsonCopied","to":"AWAITING_PASTE"}}
{"t":"2026-05-07T18:15:00.030","s":"s-d7858724","lvl":"INFO","tag":"ClipboardSessionManager","msg":"Session state transitioned","data":{"sessionId":"ea38509f-e6a3-4c07-9524-f58086aa52eb","from":"AWAITING_PASTE","event":"ResponsePasted","to":"SESSION_ACTIVE"}}
{"t":"2026-05-07T18:15:00.032","s":"s-d7858724","lvl":"INFO","tag":"ClipboardSessionManager","msg":"Session state transitioned","data":{"sessionId":"ea38509f-e6a3-4c07-9524-f58086aa52eb","from":"SESSION_ACTIVE","event":"JsonCopied","to":"AWAITING_PASTE"}}
{"t":"2026-05-07T18:18:12.053","s":"s-d7858724","lvl":"INFO","tag":"ClipboardSessionManager","msg":"Session state transitioned","data":{"sessionId":"ea38509f-e6a3-4c07-9524-f58086aa52eb","from":"AWAITING_PASTE","event":"JsonCopied","to":"AWAITING_PASTE"}}
{"t":"2026-05-07T18:18:22.236","s":"s-d7858724","lvl":"INFO","tag":"ClipboardSessionManager","msg":"Session state transitioned","data":{"sessionId":"ea38509f-e6a3-4c07-9524-f58086aa52eb","from":"AWAITING_PASTE","event":"JsonCopied","to":"AWAITING_PASTE"}}
{"t":"2026-05-07T18:19:05.915","s":"s-d7858724","lvl":"INFO","tag":"ClipboardSessionManager","msg":"Session state transitioned","data":{"sessionId":"ea38509f-e6a3-4c07-9524-f58086aa52eb","from":"AWAITING_PASTE","event":"ForceActivate","to":"SESSION_ACTIVE"}}
{"t":"2026-05-07T18:19:16.247","s":"s-d7858724","lvl":"INFO","tag":"ClipboardSessionManager","msg":"Session state transitioned","data":{"sessionId":"ea38509f-e6a3-4c07-9524-f58086aa52eb","from":"SESSION_ACTIVE","event":"JsonCopied","to":"AWAITING_PASTE"}}
{"t":"2026-05-07T18:20:32.122","s":"s-d7858724","lvl":"INFO","tag":"ClipboardSessionManager","msg":"Session state transitioned","data":{"sessionId":"ea38509f-e6a3-4c07-9524-f58086aa52eb","from":"AWAITING_PASTE","event":"ResponsePasted","to":"SESSION_ACTIVE"}}
{"t":"2026-05-07T18:20:32.126","s":"s-d7858724","lvl":"INFO","tag":"ClipboardSessionManager","msg":"Session state transitioned","data":{"sessionId":"ea38509f-e6a3-4c07-9524-f58086aa52eb","from":"SESSION_ACTIVE","event":"JsonCopied","to":"AWAITING_PASTE"}}
{"t":"2026-05-07T18:21:58.832","s":"s-d7858724","lvl":"INFO","tag":"ClipboardSessionManager","msg":"Session state transitioned","data":{"sessionId":"ea38509f-e6a3-4c07-9524-f58086aa52eb","from":"AWAITING_PASTE","event":"ResponsePasted","to":"SESSION_ACTIVE"}}
{"t":"2026-05-07T18:21:58.943","s":"s-d7858724","lvl":"INFO","tag":"ClipboardSessionManager","msg":"Session state transitioned","data":{"sessionId":"ea38509f-e6a3-4c07-9524-f58086aa52eb","from":"SESSION_ACTIVE","event":"JsonCopied","to":"AWAITING_PASTE"}}
{"t":"2026-05-07T18:23:18.320","s":"s-d7858724","lvl":"INFO","tag":"ClipboardSessionManager","msg":"Session state transitioned","data":{"sessionId":"ea38509f-e6a3-4c07-9524-f58086aa52eb","from":"AWAITING_PASTE","event":"ResponsePasted","to":"SESSION_ACTIVE"}}
{"t":"2026-05-08T18:09:13.415","s":"s-d7858724","lvl":"INFO","tag":"ClipboardSessionManager","msg":"Session state transitioned","data":{"sessionId":"ac2aa3b8-e179-4ed8-a0b8-28309fbd7050","from":"IDLE","event":"StartSession","to":"SESSION_ACTIVE"}}
{"t":"2026-05-08T18:09:13.562","s":"s-d7858724","lvl":"INFO","tag":"ClipboardSessionManager","msg":"Session state transitioned","data":{"sessionId":"ac2aa3b8-e179-4ed8-a0b8-28309fbd7050","from":"SESSION_ACTIVE","event":"JsonCopied","to":"AWAITING_PASTE"}}
{"t":"2026-05-08T18:10:06.759","s":"s-d7858724","lvl":"INFO","tag":"ClipboardSessionManager","msg":"Session state transitioned","data":{"sessionId":"ac2aa3b8-e179-4ed8-a0b8-28309fbd7050","from":"AWAITING_PASTE","event":"ResponsePasted","to":"SESSION_ACTIVE"}}
{"t":"2026-05-08T18:14:27.291","s":"s-d7858724","lvl":"INFO","tag":"ClipboardSessionManager","msg":"Session state transitioned","data":{"sessionId":"ac2aa3b8-e179-4ed8-a0b8-28309fbd7050","from":"SESSION_ACTIVE","event":"JsonCopied","to":"AWAITING_PASTE"}}
{"t":"2026-05-08T18:15:25.990","s":"s-d7858724","lvl":"INFO","tag":"ClipboardSessionManager","msg":"Session state transitioned","data":{"sessionId":"ac2aa3b8-e179-4ed8-a0b8-28309fbd7050","from":"AWAITING_PASTE","event":"ResponsePasted","to":"SESSION_ACTIVE"}}
{"t":"2026-05-08T18:15:25.996","s":"s-d7858724","lvl":"INFO","tag":"ClipboardSessionManager","msg":"Session state transitioned","data":{"sessionId":"ac2aa3b8-e179-4ed8-a0b8-28309fbd7050","from":"SESSION_ACTIVE","event":"JsonCopied","to":"AWAITING_PASTE"}}
{"t":"2026-05-08T18:20:40.930","s":"s-d7858724","lvl":"INFO","tag":"ClipboardSessionManager","msg":"Session state transitioned","data":{"sessionId":"ac2aa3b8-e179-4ed8-a0b8-28309fbd7050","from":"AWAITING_PASTE","event":"ResponsePasted","to":"SESSION_ACTIVE"}}
{"t":"2026-05-08T18:20:40.940","s":"s-d7858724","lvl":"INFO","tag":"ClipboardSessionManager","msg":"Session state transitioned","data":{"sessionId":"ac2aa3b8-e179-4ed8-a0b8-28309fbd7050","from":"SESSION_ACTIVE","event":"JsonCopied","to":"AWAITING_PASTE"}}
{"t":"2026-05-08T23:04:17.557","s":"s-d7858724","lvl":"INFO","tag":"ClipboardSessionManager","msg":"Session state transitioned","data":{"sessionId":"ac2aa3b8-e179-4ed8-a0b8-28309fbd7050","from":"AWAITING_PASTE","event":"ResponsePasted","to":"SESSION_ACTIVE"}}
{"t":"2026-05-08T23:04:17.562","s":"s-d7858724","lvl":"INFO","tag":"ClipboardSessionManager","msg":"Session state transitioned","data":{"sessionId":"ac2aa3b8-e179-4ed8-a0b8-28309fbd7050","from":"SESSION_ACTIVE","event":"JsonCopied","to":"AWAITING_PASTE"}}
{"t":"2026-05-08T23:07:45.483","s":"s-d7858724","lvl":"INFO","tag":"ClipboardSessionManager","msg":"Session state transitioned","data":{"sessionId":"ac2aa3b8-e179-4ed8-a0b8-28309fbd7050","from":"AWAITING_PASTE","event":"ResponsePasted","to":"SESSION_ACTIVE"}}
{"t":"2026-05-08T23:07:45.486","s":"s-d7858724","lvl":"INFO","tag":"ClipboardSessionManager","msg":"Session state transitioned","data":{"sessionId":"ac2aa3b8-e179-4ed8-a0b8-28309fbd7050","from":"SESSION_ACTIVE","event":"JsonCopied","to":"AWAITING_PASTE"}}
{"t":"2026-05-08T23:08:40.777","s":"s-d7858724","lvl":"INFO","tag":"ClipboardSessionManager","msg":"Session state transitioned","data":{"sessionId":"b4a313dc-5fc9-4dfd-9db1-4b1994b7353c","from":"IDLE","event":"StartSession","to":"SESSION_ACTIVE"}}
{"t":"2026-05-08T23:08:40.902","s":"s-d7858724","lvl":"INFO","tag":"ClipboardSessionManager","msg":"Session state transitioned","data":{"sessionId":"b4a313dc-5fc9-4dfd-9db1-4b1994b7353c","from":"SESSION_ACTIVE","event":"JsonCopied","to":"AWAITING_PASTE"}}
{"t":"2026-05-08T23:10:50.433","s":"s-d7858724","lvl":"INFO","tag":"ClipboardSessionManager","msg":"Session state transitioned","data":{"sessionId":"b4a313dc-5fc9-4dfd-9db1-4b1994b7353c","from":"AWAITING_PASTE","event":"ResponsePasted","to":"SESSION_ACTIVE"}}
{"t":"2026-05-08T23:10:50.439","s":"s-d7858724","lvl":"INFO","tag":"ClipboardSessionManager","msg":"Session state transitioned","data":{"sessionId":"b4a313dc-5fc9-4dfd-9db1-4b1994b7353c","from":"SESSION_ACTIVE","event":"JsonCopied","to":"AWAITING_PASTE"}}
{"t":"2026-05-08T23:21:44.606","s":"s-d7858724","lvl":"INFO","tag":"ClipboardSessionManager","msg":"Session state transitioned","data":{"sessionId":"b4a313dc-5fc9-4dfd-9db1-4b1994b7353c","from":"AWAITING_PASTE","event":"ResponsePasted","to":"SESSION_ACTIVE"}}
{"t":"2026-05-08T23:23:10.940","s":"s-d7858724","lvl":"INFO","tag":"ClipboardSessionManager","msg":"Session state transitioned","data":{"sessionId":"b4a313dc-5fc9-4dfd-9db1-4b1994b7353c","from":"SESSION_ACTIVE","event":"JsonCopied","to":"AWAITING_PASTE"}}
{"t":"2026-05-08T23:38:41.302","s":"s-d7858724","lvl":"INFO","tag":"ClipboardSessionManager","msg":"Session state transitioned","data":{"sessionId":"b4a313dc-5fc9-4dfd-9db1-4b1994b7353c","from":"AWAITING_PASTE","event":"ResponsePasted","to":"SESSION_ACTIVE"}}
{"t":"2026-05-08T23:40:53.288","s":"s-d7858724","lvl":"INFO","tag":"ClipboardSessionManager","msg":"Session state transitioned","data":{"sessionId":"b4a313dc-5fc9-4dfd-9db1-4b1994b7353c","from":"SESSION_ACTIVE","event":"JsonCopied","to":"AWAITING_PASTE"}}
{"t":"2026-05-08T23:41:32.348","s":"s-d7858724","lvl":"INFO","tag":"ClipboardSessionManager","msg":"Session state transitioned","data":{"sessionId":"b4a313dc-5fc9-4dfd-9db1-4b1994b7353c","from":"AWAITING_PASTE","event":"ResponsePasted","to":"SESSION_ACTIVE"}}
{"t":"2026-05-08T23:41:32.361","s":"s-d7858724","lvl":"INFO","tag":"ClipboardSessionManager","msg":"Session state transitioned","data":{"sessionId":"b4a313dc-5fc9-4dfd-9db1-4b1994b7353c","from":"SESSION_ACTIVE","event":"JsonCopied","to":"AWAITING_PASTE"}}
{"t":"2026-05-08T23:47:18.234","s":"s-d7858724","lvl":"INFO","tag":"ClipboardSessionManager","msg":"Session state transitioned","data":{"sessionId":"b4a313dc-5fc9-4dfd-9db1-4b1994b7353c","from":"AWAITING_PASTE","event":"ResponsePasted","to":"SESSION_ACTIVE"}}
{"t":"2026-05-08T23:50:42.012","s":"s-d7858724","lvl":"INFO","tag":"ClipboardSessionManager","msg":"Session state transitioned","data":{"sessionId":"b4a313dc-5fc9-4dfd-9db1-4b1994b7353c","from":"SESSION_ACTIVE","event":"JsonCopied","to":"AWAITING_PASTE"}}
{"t":"2026-05-08T23:50:48.426","s":"s-d7858724","lvl":"INFO","tag":"ClipboardSessionManager","msg":"Session state transitioned","data":{"sessionId":"b4a313dc-5fc9-4dfd-9db1-4b1994b7353c","from":"AWAITING_PASTE","event":"ResponsePasted","to":"SESSION_ACTIVE"}}
{"t":"2026-05-08T23:51:49.430","s":"s-d7858724","lvl":"INFO","tag":"ClipboardSessionManager","msg":"Session state transitioned","data":{"sessionId":"b4a313dc-5fc9-4dfd-9db1-4b1994b7353c","from":"SESSION_ACTIVE","event":"ForceAwaitPaste","to":"AWAITING_PASTE"}}
{"t":"2026-05-08T23:51:51.981","s":"s-d7858724","lvl":"INFO","tag":"ClipboardSessionManager","msg":"Session state transitioned","data":{"sessionId":"b4a313dc-5fc9-4dfd-9db1-4b1994b7353c","from":"AWAITING_PASTE","event":"ResponsePasted","to":"SESSION_ACTIVE"}}
{"t":"2026-05-08T23:53:20.547","s":"s-d7858724","lvl":"INFO","tag":"ClipboardSessionManager","msg":"Session state transitioned","data":{"sessionId":"b4a313dc-5fc9-4dfd-9db1-4b1994b7353c","from":"SESSION_ACTIVE","event":"JsonCopied","to":"AWAITING_PASTE"}}
{"t":"2026-05-08T23:53:52.241","s":"s-d7858724","lvl":"INFO","tag":"ClipboardSessionManager","msg":"Session state transitioned","data":{"sessionId":"b4a313dc-5fc9-4dfd-9db1-4b1994b7353c","from":"AWAITING_PASTE","event":"ResponsePasted","to":"SESSION_ACTIVE"}}
{"t":"2026-05-08T23:55:37.387","s":"s-d7858724","lvl":"INFO","tag":"ClipboardSessionManager","msg":"Session state transitioned","data":{"sessionId":"b84dd6d7-d3e6-4e95-9071-2d6a2f6cd216","from":"IDLE","event":"StartSession","to":"SESSION_ACTIVE"}}
{"t":"2026-05-08T23:55:37.496","s":"s-d7858724","lvl":"INFO","tag":"ClipboardSessionManager","msg":"Session state transitioned","data":{"sessionId":"b84dd6d7-d3e6-4e95-9071-2d6a2f6cd216","from":"SESSION_ACTIVE","event":"JsonCopied","to":"AWAITING_PASTE"}}
{"t":"2026-05-08T23:56:00.117","s":"s-d7858724","lvl":"INFO","tag":"ClipboardSessionManager","msg":"Session state transitioned","data":{"sessionId":"b84dd6d7-d3e6-4e95-9071-2d6a2f6cd216","from":"AWAITING_PASTE","event":"ResponsePasted","to":"SESSION_ACTIVE"}}
{"t":"2026-05-08T23:56:00.123","s":"s-d7858724","lvl":"INFO","tag":"ClipboardSessionManager","msg":"Session state transitioned","data":{"sessionId":"b84dd6d7-d3e6-4e95-9071-2d6a2f6cd216","from":"SESSION_ACTIVE","event":"JsonCopied","to":"AWAITING_PASTE"}}
{"t":"2026-05-08T23:59:08.392","s":"s-d7858724","lvl":"INFO","tag":"ClipboardSessionManager","msg":"Session state transitioned","data":{"sessionId":"b84dd6d7-d3e6-4e95-9071-2d6a2f6cd216","from":"AWAITING_PASTE","event":"ResponsePasted","to":"SESSION_ACTIVE"}}
{"t":"2026-05-09T00:00:10.558","s":"s-d7858724","lvl":"INFO","tag":"ClipboardSessionManager","msg":"Session state transitioned","data":{"sessionId":"b84dd6d7-d3e6-4e95-9071-2d6a2f6cd216","from":"SESSION_ACTIVE","event":"JsonCopied","to":"AWAITING_PASTE"}}
{"t":"2026-05-09T00:00:46.615","s":"s-d7858724","lvl":"INFO","tag":"ClipboardSessionManager","msg":"Session state transitioned","data":{"sessionId":"b84dd6d7-d3e6-4e95-9071-2d6a2f6cd216","from":"AWAITING_PASTE","event":"ResponsePasted","to":"SESSION_ACTIVE"}}
{"t":"2026-05-09T21:53:10.101","s":"s-d7858724","lvl":"INFO","tag":"ClipboardSessionManager","msg":"Session state transitioned","data":{"sessionId":"6e8b2cc9-7b8e-4b8a-a21d-3841e7398c99","from":"IDLE","event":"StartSession","to":"SESSION_ACTIVE"}}
{"t":"2026-05-09T21:53:10.229","s":"s-d7858724","lvl":"INFO","tag":"ClipboardSessionManager","msg":"Session state transitioned","data":{"sessionId":"6e8b2cc9-7b8e-4b8a-a21d-3841e7398c99","from":"SESSION_ACTIVE","event":"JsonCopied","to":"AWAITING_PASTE"}}
{"t":"2026-05-09T21:56:17.644","s":"s-d7858724","lvl":"INFO","tag":"ClipboardSessionManager","msg":"Session state transitioned","data":{"sessionId":"6e8b2cc9-7b8e-4b8a-a21d-3841e7398c99","from":"AWAITING_PASTE","event":"ResponsePasted","to":"SESSION_ACTIVE"}}
{"t":"2026-05-09T21:56:17.839","s":"s-d7858724","lvl":"INFO","tag":"ClipboardSessionManager","msg":"Session state transitioned","data":{"sessionId":"6e8b2cc9-7b8e-4b8a-a21d-3841e7398c99","from":"SESSION_ACTIVE","event":"JsonCopied","to":"AWAITING_PASTE"}}
{"t":"2026-05-09T22:00:51.092","s":"s-d7858724","lvl":"INFO","tag":"ClipboardSessionManager","msg":"Session state transitioned","data":{"sessionId":"6e8b2cc9-7b8e-4b8a-a21d-3841e7398c99","from":"AWAITING_PASTE","event":"ResponsePasted","to":"SESSION_ACTIVE"}}
{"t":"2026-05-09T22:01:35.551","s":"s-d7858724","lvl":"INFO","tag":"ClipboardSessionManager","msg":"Session state transitioned","data":{"sessionId":"6e8b2cc9-7b8e-4b8a-a21d-3841e7398c99","from":"SESSION_ACTIVE","event":"JsonCopied","to":"AWAITING_PASTE"}}
{"t":"2026-05-09T22:02:38.638","s":"s-d7858724","lvl":"INFO","tag":"ClipboardSessionManager","msg":"Session state transitioned","data":{"sessionId":"6e8b2cc9-7b8e-4b8a-a21d-3841e7398c99","from":"AWAITING_PASTE","event":"ResponsePasted","to":"SESSION_ACTIVE"}}
{"t":"2026-05-09T22:05:47.187","s":"s-d7858724","lvl":"INFO","tag":"ClipboardSessionManager","msg":"Session state transitioned","data":{"sessionId":"90f8c81d-27dc-4b7e-ab75-d4fc3c24f795","from":"IDLE","event":"StartSession","to":"SESSION_ACTIVE"}}
{"t":"2026-05-09T22:05:47.288","s":"s-d7858724","lvl":"INFO","tag":"ClipboardSessionManager","msg":"Session state transitioned","data":{"sessionId":"90f8c81d-27dc-4b7e-ab75-d4fc3c24f795","from":"SESSION_ACTIVE","event":"JsonCopied","to":"AWAITING_PASTE"}}
{"t":"2026-05-09T22:07:00.697","s":"s-d7858724","lvl":"INFO","tag":"ClipboardSessionManager","msg":"Session state transitioned","data":{"sessionId":"90f8c81d-27dc-4b7e-ab75-d4fc3c24f795","from":"AWAITING_PASTE","event":"ResponsePasted","to":"SESSION_ACTIVE"}}
{"t":"2026-05-09T22:07:00.885","s":"s-d7858724","lvl":"INFO","tag":"ClipboardSessionManager","msg":"Session state transitioned","data":{"sessionId":"90f8c81d-27dc-4b7e-ab75-d4fc3c24f795","from":"SESSION_ACTIVE","event":"JsonCopied","to":"AWAITING_PASTE"}}
{"t":"2026-05-09T22:11:13.030","s":"s-d7858724","lvl":"INFO","tag":"ClipboardSessionManager","msg":"Session state transitioned","data":{"sessionId":"90f8c81d-27dc-4b7e-ab75-d4fc3c24f795","from":"AWAITING_PASTE","event":"ResponsePasted","to":"SESSION_ACTIVE"}}
{"t":"2026-05-09T22:13:19.985","s":"s-d7858724","lvl":"INFO","tag":"ClipboardSessionManager","msg":"Session state transitioned","data":{"sessionId":"90f8c81d-27dc-4b7e-ab75-d4fc3c24f795","from":"SESSION_ACTIVE","event":"JsonCopied","to":"AWAITING_PASTE"}}
{"t":"2026-05-09T22:14:30.805","s":"s-d7858724","lvl":"INFO","tag":"ClipboardSessionManager","msg":"Session state transitioned","data":{"sessionId":"90f8c81d-27dc-4b7e-ab75-d4fc3c24f795","from":"AWAITING_PASTE","event":"ResponsePasted","to":"SESSION_ACTIVE"}}
{"t":"2026-05-09T22:14:30.823","s":"s-d7858724","lvl":"INFO","tag":"ClipboardSessionManager","msg":"Session state transitioned","data":{"sessionId":"90f8c81d-27dc-4b7e-ab75-d4fc3c24f795","from":"SESSION_ACTIVE","event":"JsonCopied","to":"AWAITING_PASTE"}}
{"t":"2026-05-09T22:20:18.497","s":"s-d7858724","lvl":"INFO","tag":"ClipboardSessionManager","msg":"Session state transitioned","data":{"sessionId":"90f8c81d-27dc-4b7e-ab75-d4fc3c24f795","from":"AWAITING_PASTE","event":"ResponsePasted","to":"SESSION_ACTIVE"}}
{"t":"2026-05-09T22:22:03.516","s":"s-d7858724","lvl":"INFO","tag":"ClipboardSessionManager","msg":"Session state transitioned","data":{"sessionId":"90f8c81d-27dc-4b7e-ab75-d4fc3c24f795","from":"SESSION_ACTIVE","event":"JsonCopied","to":"AWAITING_PASTE"}}
{"t":"2026-05-09T22:22:52.467","s":"s-d7858724","lvl":"INFO","tag":"ClipboardSessionManager","msg":"Session state transitioned","data":{"sessionId":"90f8c81d-27dc-4b7e-ab75-d4fc3c24f795","from":"AWAITING_PASTE","event":"ResponsePasted","to":"SESSION_ACTIVE"}}
{"t":"2026-05-09T22:22:52.472","s":"s-d7858724","lvl":"INFO","tag":"ClipboardSessionManager","msg":"Session state transitioned","data":{"sessionId":"90f8c81d-27dc-4b7e-ab75-d4fc3c24f795","from":"SESSION_ACTIVE","event":"JsonCopied","to":"AWAITING_PASTE"}}
{"t":"2026-05-09T22:25:21.168","s":"s-d7858724","lvl":"INFO","tag":"ClipboardSessionManager","msg":"Session state transitioned","data":{"sessionId":"90f8c81d-27dc-4b7e-ab75-d4fc3c24f795","from":"AWAITING_PASTE","event":"ResponsePasted","to":"SESSION_ACTIVE"}}
{"t":"2026-05-09T22:27:08.257","s":"s-d7858724","lvl":"INFO","tag":"ClipboardSessionManager","msg":"Session state transitioned","data":{"sessionId":"90f8c81d-27dc-4b7e-ab75-d4fc3c24f795","from":"SESSION_ACTIVE","event":"JsonCopied","to":"AWAITING_PASTE"}}
{"t":"2026-05-09T22:30:08.111","s":"s-d7858724","lvl":"INFO","tag":"ClipboardSessionManager","msg":"Session state transitioned","data":{"sessionId":"90f8c81d-27dc-4b7e-ab75-d4fc3c24f795","from":"AWAITING_PASTE","event":"ResponsePasted","to":"SESSION_ACTIVE"}}
{"t":"2026-05-09T22:34:34.786","s":"s-d7858724","lvl":"INFO","tag":"ClipboardSessionManager","msg":"Session state transitioned","data":{"sessionId":"90f8c81d-27dc-4b7e-ab75-d4fc3c24f795","from":"SESSION_ACTIVE","event":"JsonCopied","to":"AWAITING_PASTE"}}
{"t":"2026-05-09T22:35:28.296","s":"s-d7858724","lvl":"INFO","tag":"ClipboardSessionManager","msg":"Session state transitioned","data":{"sessionId":"90f8c81d-27dc-4b7e-ab75-d4fc3c24f795","from":"AWAITING_PASTE","event":"ResponsePasted","to":"SESSION_ACTIVE"}}
{"t":"2026-05-09T22:35:28.301","s":"s-d7858724","lvl":"INFO","tag":"ClipboardSessionManager","msg":"Session state transitioned","data":{"sessionId":"90f8c81d-27dc-4b7e-ab75-d4fc3c24f795","from":"SESSION_ACTIVE","event":"JsonCopied","to":"AWAITING_PASTE"}}
{"t":"2026-05-09T22:36:42.456","s":"s-d7858724","lvl":"INFO","tag":"ClipboardSessionManager","msg":"Session state transitioned","data":{"sessionId":"90f8c81d-27dc-4b7e-ab75-d4fc3c24f795","from":"AWAITING_PASTE","event":"ResponsePasted","to":"SESSION_ACTIVE"}}
{"t":"2026-05-09T22:39:54.017","s":"s-d7858724","lvl":"INFO","tag":"ClipboardSessionManager","msg":"Session state transitioned","data":{"sessionId":"90f8c81d-27dc-4b7e-ab75-d4fc3c24f795","from":"SESSION_ACTIVE","event":"JsonCopied","to":"AWAITING_PASTE"}}
{"t":"2026-05-09T22:42:11.981","s":"s-d7858724","lvl":"INFO","tag":"ClipboardSessionManager","msg":"Session state transitioned","data":{"sessionId":"90f8c81d-27dc-4b7e-ab75-d4fc3c24f795","from":"AWAITING_PASTE","event":"ResponsePasted","to":"SESSION_ACTIVE"}}
{"t":"2026-05-09T22:47:51.912","s":"s-d7858724","lvl":"INFO","tag":"ClipboardSessionManager","msg":"Session state transitioned","data":{"sessionId":"3f546531-90af-4a3a-8fb2-b0863eada1c1","from":"IDLE","event":"StartSession","to":"SESSION_ACTIVE"}}
{"t":"2026-05-09T22:47:52.021","s":"s-d7858724","lvl":"INFO","tag":"ClipboardSessionManager","msg":"Session state transitioned","data":{"sessionId":"3f546531-90af-4a3a-8fb2-b0863eada1c1","from":"SESSION_ACTIVE","event":"JsonCopied","to":"AWAITING_PASTE"}}
{"t":"2026-05-09T22:48:29.901","s":"s-d7858724","lvl":"INFO","tag":"ClipboardSessionManager","msg":"Session state transitioned","data":{"sessionId":"3f546531-90af-4a3a-8fb2-b0863eada1c1","from":"AWAITING_PASTE","event":"ResponsePasted","to":"SESSION_ACTIVE"}}
{"t":"2026-05-09T22:48:29.948","s":"s-d7858724","lvl":"INFO","tag":"ClipboardSessionManager","msg":"Session state transitioned","data":{"sessionId":"3f546531-90af-4a3a-8fb2-b0863eada1c1","from":"SESSION_ACTIVE","event":"JsonCopied","to":"AWAITING_PASTE"}}
{"t":"2026-05-09T23:01:05.286","s":"s-d7858724","lvl":"INFO","tag":"ClipboardSessionManager","msg":"Session state transitioned","data":{"sessionId":"3f546531-90af-4a3a-8fb2-b0863eada1c1","from":"AWAITING_PASTE","event":"ResponsePasted","to":"SESSION_ACTIVE"}}
{"t":"2026-05-09T23:02:56.039","s":"s-d7858724","lvl":"INFO","tag":"ClipboardSessionManager","msg":"Session state transitioned","data":{"sessionId":"3f546531-90af-4a3a-8fb2-b0863eada1c1","from":"SESSION_ACTIVE","event":"JsonCopied","to":"AWAITING_PASTE"}}
{"t":"2026-05-11T21:06:35.028","s":"s-2f8e9d58","lvl":"SESSION","tag":"ProjectLogger","msg":"START","data":{"project":"MaxVibes","ideVersion":"2023.3.3","os":"Windows 11 10.0"}}
{"t":"2026-05-11T21:06:35.299","s":"s-2f8e9d58","lvl":"INFO","tag":"ClipboardSessionManager","msg":"Session state transitioned","data":{"sessionId":"3f546531-90af-4a3a-8fb2-b0863eada1c1","from":"AWAITING_PASTE","event":"ResponsePasted","to":"SESSION_ACTIVE"}}
{"t":"2026-05-11T21:06:35.384","s":"s-2f8e9d58","lvl":"INFO","tag":"ClipboardSessionManager","msg":"Session state transitioned","data":{"sessionId":"3f546531-90af-4a3a-8fb2-b0863eada1c1","from":"SESSION_ACTIVE","event":"JsonCopied","to":"AWAITING_PASTE"}}
{"t":"2026-05-11T21:08:21.616","s":"s-2f8e9d58","lvl":"INFO","tag":"ClipboardSessionManager","msg":"Session state transitioned","data":{"sessionId":"3f546531-90af-4a3a-8fb2-b0863eada1c1","from":"AWAITING_PASTE","event":"ResponsePasted","to":"SESSION_ACTIVE"}}
{"t":"2026-05-11T21:13:44.165","s":"s-2f8e9d58","lvl":"INFO","tag":"ClipboardSessionManager","msg":"Session state transitioned","data":{"sessionId":"3f546531-90af-4a3a-8fb2-b0863eada1c1","from":"SESSION_ACTIVE","event":"JsonCopied","to":"AWAITING_PASTE"}}
{"t":"2026-05-11T21:14:36.835","s":"s-2f8e9d58","lvl":"INFO","tag":"ClipboardSessionManager","msg":"Session state transitioned","data":{"sessionId":"3f546531-90af-4a3a-8fb2-b0863eada1c1","from":"AWAITING_PASTE","event":"ResponsePasted","to":"SESSION_ACTIVE"}}
{"t":"2026-05-12T19:23:50.406","s":"s-2f8e9d58","lvl":"INFO","tag":"ClipboardSessionManager","msg":"Session state transitioned","data":{"sessionId":"3f546531-90af-4a3a-8fb2-b0863eada1c1","from":"SESSION_ACTIVE","event":"JsonCopied","to":"AWAITING_PASTE"}}
{"t":"2026-05-12T19:24:36.362","s":"s-2f8e9d58","lvl":"INFO","tag":"ClipboardSessionManager","msg":"Session state transitioned","data":{"sessionId":"3f546531-90af-4a3a-8fb2-b0863eada1c1","from":"AWAITING_PASTE","event":"ResponsePasted","to":"SESSION_ACTIVE"}}
{"t":"2026-05-12T19:24:36.375","s":"s-2f8e9d58","lvl":"INFO","tag":"ClipboardSessionManager","msg":"Session state transitioned","data":{"sessionId":"3f546531-90af-4a3a-8fb2-b0863eada1c1","from":"SESSION_ACTIVE","event":"JsonCopied","to":"AWAITING_PASTE"}}
{"t":"2026-05-12T21:44:24.697","s":"s-2f8e9d58","lvl":"INFO","tag":"ClipboardSessionManager","msg":"Session state transitioned","data":{"sessionId":"3f546531-90af-4a3a-8fb2-b0863eada1c1","from":"AWAITING_PASTE","event":"ForceActivate","to":"SESSION_ACTIVE"}}
{"t":"2026-05-12T21:45:56.746","s":"s-2f8e9d58","lvl":"INFO","tag":"ClipboardSessionManager","msg":"Session state transitioned","data":{"sessionId":"3f546531-90af-4a3a-8fb2-b0863eada1c1","from":"SESSION_ACTIVE","event":"JsonCopied","to":"AWAITING_PASTE"}}
{"t":"2026-05-12T21:46:41.949","s":"s-2f8e9d58","lvl":"INFO","tag":"ClipboardSessionManager","msg":"Session state transitioned","data":{"sessionId":"3f546531-90af-4a3a-8fb2-b0863eada1c1","from":"AWAITING_PASTE","event":"ResponsePasted","to":"SESSION_ACTIVE"}}
{"t":"2026-05-12T21:46:42.073","s":"s-2f8e9d58","lvl":"INFO","tag":"ClipboardSessionManager","msg":"Session state transitioned","data":{"sessionId":"3f546531-90af-4a3a-8fb2-b0863eada1c1","from":"SESSION_ACTIVE","event":"JsonCopied","to":"AWAITING_PASTE"}}
{"t":"2026-05-12T21:49:02.070","s":"s-2f8e9d58","lvl":"INFO","tag":"ClipboardSessionManager","msg":"Session state transitioned","data":{"sessionId":"3f546531-90af-4a3a-8fb2-b0863eada1c1","from":"AWAITING_PASTE","event":"ResponsePasted","to":"SESSION_ACTIVE"}}
{"t":"2026-05-12T21:49:02.077","s":"s-2f8e9d58","lvl":"INFO","tag":"ClipboardSessionManager","msg":"Session state transitioned","data":{"sessionId":"3f546531-90af-4a3a-8fb2-b0863eada1c1","from":"SESSION_ACTIVE","event":"JsonCopied","to":"AWAITING_PASTE"}}
{"t":"2026-05-12T21:50:41.594","s":"s-2f8e9d58","lvl":"INFO","tag":"ClipboardSessionManager","msg":"Session state transitioned","data":{"sessionId":"3f546531-90af-4a3a-8fb2-b0863eada1c1","from":"AWAITING_PASTE","event":"ResponsePasted","to":"SESSION_ACTIVE"}}
{"t":"2026-05-12T21:50:41.613","s":"s-2f8e9d58","lvl":"INFO","tag":"ClipboardSessionManager","msg":"Session state transitioned","data":{"sessionId":"3f546531-90af-4a3a-8fb2-b0863eada1c1","from":"SESSION_ACTIVE","event":"JsonCopied","to":"AWAITING_PASTE"}}
{"t":"2026-05-12T21:52:42.900","s":"s-2f8e9d58","lvl":"INFO","tag":"ClipboardSessionManager","msg":"Session state transitioned","data":{"sessionId":"3f546531-90af-4a3a-8fb2-b0863eada1c1","from":"AWAITING_PASTE","event":"ResponsePasted","to":"SESSION_ACTIVE"}}
{"t":"2026-05-12T21:54:56.718","s":"s-2f8e9d58","lvl":"INFO","tag":"ClipboardSessionManager","msg":"Session state transitioned","data":{"sessionId":"3f546531-90af-4a3a-8fb2-b0863eada1c1","from":"SESSION_ACTIVE","event":"JsonCopied","to":"AWAITING_PASTE"}}
{"t":"2026-05-12T21:56:06.444","s":"s-2f8e9d58","lvl":"INFO","tag":"ClipboardSessionManager","msg":"Session state transitioned","data":{"sessionId":"3f546531-90af-4a3a-8fb2-b0863eada1c1","from":"AWAITING_PASTE","event":"ResponsePasted","to":"SESSION_ACTIVE"}}
{"t":"2026-05-12T21:56:06.457","s":"s-2f8e9d58","lvl":"INFO","tag":"ClipboardSessionManager","msg":"Session state transitioned","data":{"sessionId":"3f546531-90af-4a3a-8fb2-b0863eada1c1","from":"SESSION_ACTIVE","event":"JsonCopied","to":"AWAITING_PASTE"}}
{"t":"2026-05-12T21:57:39.905","s":"s-2f8e9d58","lvl":"INFO","tag":"ClipboardSessionManager","msg":"Session state transitioned","data":{"sessionId":"3f546531-90af-4a3a-8fb2-b0863eada1c1","from":"AWAITING_PASTE","event":"ForceActivate","to":"SESSION_ACTIVE"}}
{"t":"2026-05-12T21:57:45.095","s":"s-2f8e9d58","lvl":"INFO","tag":"ClipboardSessionManager","msg":"Session state transitioned","data":{"sessionId":"3f546531-90af-4a3a-8fb2-b0863eada1c1","from":"SESSION_ACTIVE","event":"ForceAwaitPaste","to":"AWAITING_PASTE"}}
{"t":"2026-05-12T21:57:46.391","s":"s-2f8e9d58","lvl":"INFO","tag":"ClipboardSessionManager","msg":"Session state transitioned","data":{"sessionId":"3f546531-90af-4a3a-8fb2-b0863eada1c1","from":"AWAITING_PASTE","event":"ResponsePasted","to":"SESSION_ACTIVE"}}
{"t":"2026-05-12T21:57:46.531","s":"s-2f8e9d58","lvl":"INFO","tag":"ClipboardSessionManager","msg":"Session state transitioned","data":{"sessionId":"3f546531-90af-4a3a-8fb2-b0863eada1c1","from":"SESSION_ACTIVE","event":"JsonCopied","to":"AWAITING_PASTE"}}
{"t":"2026-05-12T22:00:33.999","s":"s-2f8e9d58","lvl":"INFO","tag":"ClipboardSessionManager","msg":"Session state transitioned","data":{"sessionId":"3f546531-90af-4a3a-8fb2-b0863eada1c1","from":"AWAITING_PASTE","event":"ResponsePasted","to":"SESSION_ACTIVE"}}
{"t":"2026-05-12T22:22:43.673","s":"s-2f8e9d58","lvl":"INFO","tag":"ClipboardSessionManager","msg":"Session state transitioned","data":{"sessionId":"3f546531-90af-4a3a-8fb2-b0863eada1c1","from":"SESSION_ACTIVE","event":"JsonCopied","to":"AWAITING_PASTE"}}
{"t":"2026-05-12T22:25:03.465","s":"s-2f8e9d58","lvl":"INFO","tag":"ClipboardSessionManager","msg":"Session state transitioned","data":{"sessionId":"3f546531-90af-4a3a-8fb2-b0863eada1c1","from":"AWAITING_PASTE","event":"ResponsePasted","to":"SESSION_ACTIVE"}}
{"t":"2026-05-12T22:25:30.299","s":"s-2f8e9d58","lvl":"INFO","tag":"ClipboardSessionManager","msg":"Session state transitioned","data":{"sessionId":"3f546531-90af-4a3a-8fb2-b0863eada1c1","from":"SESSION_ACTIVE","event":"JsonCopied","to":"AWAITING_PASTE"}}
{"t":"2026-05-12T22:26:11.523","s":"s-2f8e9d58","lvl":"INFO","tag":"ClipboardSessionManager","msg":"Session state transitioned","data":{"sessionId":"3f546531-90af-4a3a-8fb2-b0863eada1c1","from":"AWAITING_PASTE","event":"ResponsePasted","to":"SESSION_ACTIVE"}}
{"t":"2026-05-12T22:31:36.317","s":"s-2f8e9d58","lvl":"INFO","tag":"ClipboardSessionManager","msg":"Session state transitioned","data":{"sessionId":"3f546531-90af-4a3a-8fb2-b0863eada1c1","from":"SESSION_ACTIVE","event":"JsonCopied","to":"AWAITING_PASTE"}}
{"t":"2026-05-12T22:33:00.631","s":"s-2f8e9d58","lvl":"INFO","tag":"ClipboardSessionManager","msg":"Session state transitioned","data":{"sessionId":"3f546531-90af-4a3a-8fb2-b0863eada1c1","from":"AWAITING_PASTE","event":"ResponsePasted","to":"SESSION_ACTIVE"}}
{"t":"2026-05-12T22:33:00.770","s":"s-2f8e9d58","lvl":"INFO","tag":"ClipboardSessionManager","msg":"Session state transitioned","data":{"sessionId":"3f546531-90af-4a3a-8fb2-b0863eada1c1","from":"SESSION_ACTIVE","event":"JsonCopied","to":"AWAITING_PASTE"}}
{"t":"2026-05-12T22:34:16.938","s":"s-2f8e9d58","lvl":"INFO","tag":"ClipboardSessionManager","msg":"Session state transitioned","data":{"sessionId":"3f546531-90af-4a3a-8fb2-b0863eada1c1","from":"AWAITING_PASTE","event":"ResponsePasted","to":"SESSION_ACTIVE"}}
{"t":"2026-05-12T22:34:17.085","s":"s-2f8e9d58","lvl":"INFO","tag":"ClipboardSessionManager","msg":"Session state transitioned","data":{"sessionId":"3f546531-90af-4a3a-8fb2-b0863eada1c1","from":"SESSION_ACTIVE","event":"JsonCopied","to":"AWAITING_PASTE"}}
{"t":"2026-05-12T22:38:49.276","s":"s-2f8e9d58","lvl":"INFO","tag":"ClipboardSessionManager","msg":"Session state transitioned","data":{"sessionId":"3f546531-90af-4a3a-8fb2-b0863eada1c1","from":"AWAITING_PASTE","event":"ResponsePasted","to":"SESSION_ACTIVE"}}
{"t":"2026-05-12T22:44:58.303","s":"s-2f8e9d58","lvl":"INFO","tag":"ClipboardSessionManager","msg":"Session state transitioned","data":{"sessionId":"3f546531-90af-4a3a-8fb2-b0863eada1c1","from":"SESSION_ACTIVE","event":"JsonCopied","to":"AWAITING_PASTE"}}
{"t":"2026-05-12T22:46:16.928","s":"s-2f8e9d58","lvl":"INFO","tag":"ClipboardSessionManager","msg":"Session state transitioned","data":{"sessionId":"3f546531-90af-4a3a-8fb2-b0863eada1c1","from":"AWAITING_PASTE","event":"ResponsePasted","to":"SESSION_ACTIVE"}}
{"t":"2026-05-12T22:47:22.251","s":"s-2f8e9d58","lvl":"INFO","tag":"ClipboardSessionManager","msg":"Session state transitioned","data":{"sessionId":"3f546531-90af-4a3a-8fb2-b0863eada1c1","from":"SESSION_ACTIVE","event":"JsonCopied","to":"AWAITING_PASTE"}}
{"t":"2026-05-12T22:48:32.920","s":"s-2f8e9d58","lvl":"INFO","tag":"ClipboardSessionManager","msg":"Session state transitioned","data":{"sessionId":"3f546531-90af-4a3a-8fb2-b0863eada1c1","from":"AWAITING_PASTE","event":"ResponsePasted","to":"SESSION_ACTIVE"}}
{"t":"2026-05-12T22:49:44.175","s":"s-2f8e9d58","lvl":"INFO","tag":"ClipboardSessionManager","msg":"Session state transitioned","data":{"sessionId":"3f546531-90af-4a3a-8fb2-b0863eada1c1","from":"SESSION_ACTIVE","event":"JsonCopied","to":"AWAITING_PASTE"}}
{"t":"2026-05-12T22:51:52.367","s":"s-2f8e9d58","lvl":"INFO","tag":"ClipboardSessionManager","msg":"Session state transitioned","data":{"sessionId":"3f546531-90af-4a3a-8fb2-b0863eada1c1","from":"AWAITING_PASTE","event":"ResponsePasted","to":"SESSION_ACTIVE"}}
{"t":"2026-05-12T22:51:52.490","s":"s-2f8e9d58","lvl":"INFO","tag":"ClipboardSessionManager","msg":"Session state transitioned","data":{"sessionId":"3f546531-90af-4a3a-8fb2-b0863eada1c1","from":"SESSION_ACTIVE","event":"JsonCopied","to":"AWAITING_PASTE"}}
{"t":"2026-05-12T22:54:21.585","s":"s-2f8e9d58","lvl":"INFO","tag":"ClipboardSessionManager","msg":"Session state transitioned","data":{"sessionId":"3f546531-90af-4a3a-8fb2-b0863eada1c1","from":"AWAITING_PASTE","event":"ResponsePasted","to":"SESSION_ACTIVE"}}
{"t":"2026-05-12T22:55:40.076","s":"s-2f8e9d58","lvl":"INFO","tag":"ClipboardSessionManager","msg":"Session state transitioned","data":{"sessionId":"3f546531-90af-4a3a-8fb2-b0863eada1c1","from":"SESSION_ACTIVE","event":"JsonCopied","to":"AWAITING_PASTE"}}
{"t":"2026-05-12T22:56:17.537","s":"s-2f8e9d58","lvl":"INFO","tag":"ClipboardSessionManager","msg":"Session state transitioned","data":{"sessionId":"3f546531-90af-4a3a-8fb2-b0863eada1c1","from":"AWAITING_PASTE","event":"ResponsePasted","to":"SESSION_ACTIVE"}}
{"t":"2026-05-12T22:56:46.165","s":"s-2f8e9d58","lvl":"INFO","tag":"ClipboardSessionManager","msg":"Session state transitioned","data":{"sessionId":"3f546531-90af-4a3a-8fb2-b0863eada1c1","from":"SESSION_ACTIVE","event":"JsonCopied","to":"AWAITING_PASTE"}}
{"t":"2026-05-12T22:57:36.571","s":"s-2f8e9d58","lvl":"INFO","tag":"ClipboardSessionManager","msg":"Session state transitioned","data":{"sessionId":"3f546531-90af-4a3a-8fb2-b0863eada1c1","from":"AWAITING_PASTE","event":"ResponsePasted","to":"SESSION_ACTIVE"}}
{"t":"2026-05-12T23:01:59.413","s":"s-2f8e9d58","lvl":"INFO","tag":"ClipboardSessionManager","msg":"Session state transitioned","data":{"sessionId":"3f546531-90af-4a3a-8fb2-b0863eada1c1","from":"SESSION_ACTIVE","event":"JsonCopied","to":"AWAITING_PASTE"}}
{"t":"2026-05-12T23:03:03.447","s":"s-2f8e9d58","lvl":"INFO","tag":"ClipboardSessionManager","msg":"Session state transitioned","data":{"sessionId":"3f546531-90af-4a3a-8fb2-b0863eada1c1","from":"AWAITING_PASTE","event":"ResponsePasted","to":"SESSION_ACTIVE"}}
{"t":"2026-05-12T23:03:46.101","s":"s-2f8e9d58","lvl":"INFO","tag":"ClipboardSessionManager","msg":"Session state transitioned","data":{"sessionId":"3f546531-90af-4a3a-8fb2-b0863eada1c1","from":"SESSION_ACTIVE","event":"JsonCopied","to":"AWAITING_PASTE"}}
{"t":"2026-05-16T14:23:49.700","s":"s-2f8e9d58","lvl":"INFO","tag":"ClipboardSessionManager","msg":"Session state transitioned","data":{"sessionId":"878a0d24-7ff9-42bf-8727-06fc8bce3733","from":"IDLE","event":"StartSession","to":"SESSION_ACTIVE"}}
{"t":"2026-05-16T14:23:49.996","s":"s-2f8e9d58","lvl":"INFO","tag":"ClipboardSessionManager","msg":"Session state transitioned","data":{"sessionId":"878a0d24-7ff9-42bf-8727-06fc8bce3733","from":"SESSION_ACTIVE","event":"JsonCopied","to":"AWAITING_PASTE"}}
{"t":"2026-05-16T14:27:27.606","s":"s-2f8e9d58","lvl":"INFO","tag":"ClipboardSessionManager","msg":"Session state transitioned","data":{"sessionId":"878a0d24-7ff9-42bf-8727-06fc8bce3733","from":"AWAITING_PASTE","event":"ResponsePasted","to":"SESSION_ACTIVE"}}
{"t":"2026-05-16T14:29:57.915","s":"s-2f8e9d58","lvl":"INFO","tag":"ClipboardSessionManager","msg":"Session state transitioned","data":{"sessionId":"878a0d24-7ff9-42bf-8727-06fc8bce3733","from":"SESSION_ACTIVE","event":"JsonCopied","to":"AWAITING_PASTE"}}
{"t":"2026-05-16T14:30:41.950","s":"s-2f8e9d58","lvl":"INFO","tag":"ClipboardSessionManager","msg":"Session state transitioned","data":{"sessionId":"878a0d24-7ff9-42bf-8727-06fc8bce3733","from":"AWAITING_PASTE","event":"ResponsePasted","to":"SESSION_ACTIVE"}}
{"t":"2026-05-16T14:30:42.087","s":"s-2f8e9d58","lvl":"INFO","tag":"ClipboardSessionManager","msg":"Session state transitioned","data":{"sessionId":"878a0d24-7ff9-42bf-8727-06fc8bce3733","from":"SESSION_ACTIVE","event":"JsonCopied","to":"AWAITING_PASTE"}}
{"t":"2026-05-16T14:36:43.205","s":"s-2f8e9d58","lvl":"INFO","tag":"ClipboardSessionManager","msg":"Session state transitioned","data":{"sessionId":"878a0d24-7ff9-42bf-8727-06fc8bce3733","from":"AWAITING_PASTE","event":"ResponsePasted","to":"SESSION_ACTIVE"}}
{"t":"2026-05-16T14:37:45.418","s":"s-2f8e9d58","lvl":"INFO","tag":"ClipboardSessionManager","msg":"Session state transitioned","data":{"sessionId":"dd86dbb8-40b8-4a2f-844d-1b137f0786b2","from":"IDLE","event":"StartSession","to":"SESSION_ACTIVE"}}
{"t":"2026-05-16T14:37:45.533","s":"s-2f8e9d58","lvl":"INFO","tag":"ClipboardSessionManager","msg":"Session state transitioned","data":{"sessionId":"dd86dbb8-40b8-4a2f-844d-1b137f0786b2","from":"SESSION_ACTIVE","event":"JsonCopied","to":"AWAITING_PASTE"}}
{"t":"2026-05-16T14:38:23.292","s":"s-2f8e9d58","lvl":"INFO","tag":"ClipboardSessionManager","msg":"Session state transitioned","data":{"sessionId":"dd86dbb8-40b8-4a2f-844d-1b137f0786b2","from":"AWAITING_PASTE","event":"ResponsePasted","to":"SESSION_ACTIVE"}}
{"t":"2026-05-16T14:39:50.617","s":"s-2f8e9d58","lvl":"INFO","tag":"ClipboardSessionManager","msg":"Session state transitioned","data":{"sessionId":"dd86dbb8-40b8-4a2f-844d-1b137f0786b2","from":"SESSION_ACTIVE","event":"JsonCopied","to":"AWAITING_PASTE"}}
{"t":"2026-05-16T14:40:35.816","s":"s-2f8e9d58","lvl":"INFO","tag":"ClipboardSessionManager","msg":"Session state transitioned","data":{"sessionId":"dd86dbb8-40b8-4a2f-844d-1b137f0786b2","from":"AWAITING_PASTE","event":"ResponsePasted","to":"SESSION_ACTIVE"}}
{"t":"2026-05-16T14:40:35.823","s":"s-2f8e9d58","lvl":"INFO","tag":"ClipboardSessionManager","msg":"Session state transitioned","data":{"sessionId":"dd86dbb8-40b8-4a2f-844d-1b137f0786b2","from":"SESSION_ACTIVE","event":"JsonCopied","to":"AWAITING_PASTE"}}
{"t":"2026-05-16T14:41:55.217","s":"s-2f8e9d58","lvl":"INFO","tag":"ClipboardSessionManager","msg":"Session state transitioned","data":{"sessionId":"dd86dbb8-40b8-4a2f-844d-1b137f0786b2","from":"AWAITING_PASTE","event":"ResponsePasted","to":"SESSION_ACTIVE"}}
{"t":"2026-05-16T14:42:50.111","s":"s-2f8e9d58","lvl":"INFO","tag":"ClipboardSessionManager","msg":"Session state transitioned","data":{"sessionId":"dd86dbb8-40b8-4a2f-844d-1b137f0786b2","from":"SESSION_ACTIVE","event":"JsonCopied","to":"AWAITING_PASTE"}}
{"t":"2026-05-16T14:43:19.251","s":"s-2f8e9d58","lvl":"INFO","tag":"ClipboardSessionManager","msg":"Session state transitioned","data":{"sessionId":"dd86dbb8-40b8-4a2f-844d-1b137f0786b2","from":"AWAITING_PASTE","event":"ResponsePasted","to":"SESSION_ACTIVE"}}
{"t":"2026-05-16T14:43:19.257","s":"s-2f8e9d58","lvl":"INFO","tag":"ClipboardSessionManager","msg":"Session state transitioned","data":{"sessionId":"dd86dbb8-40b8-4a2f-844d-1b137f0786b2","from":"SESSION_ACTIVE","event":"JsonCopied","to":"AWAITING_PASTE"}}
{"t":"2026-05-16T14:44:34.207","s":"s-2f8e9d58","lvl":"INFO","tag":"ClipboardSessionManager","msg":"Session state transitioned","data":{"sessionId":"dd86dbb8-40b8-4a2f-844d-1b137f0786b2","from":"AWAITING_PASTE","event":"ResponsePasted","to":"SESSION_ACTIVE"}}
{"t":"2026-05-16T14:45:36.848","s":"s-2f8e9d58","lvl":"INFO","tag":"ClipboardSessionManager","msg":"Session state transitioned","data":{"sessionId":"dd86dbb8-40b8-4a2f-844d-1b137f0786b2","from":"SESSION_ACTIVE","event":"JsonCopied","to":"AWAITING_PASTE"}}
{"t":"2026-05-16T14:45:51.162","s":"s-2f8e9d58","lvl":"INFO","tag":"ClipboardSessionManager","msg":"Session state transitioned","data":{"sessionId":"dd86dbb8-40b8-4a2f-844d-1b137f0786b2","from":"AWAITING_PASTE","event":"ResponsePasted","to":"SESSION_ACTIVE"}}
{"t":"2026-05-16T14:45:51.167","s":"s-2f8e9d58","lvl":"INFO","tag":"ClipboardSessionManager","msg":"Session state transitioned","data":{"sessionId":"dd86dbb8-40b8-4a2f-844d-1b137f0786b2","from":"SESSION_ACTIVE","event":"JsonCopied","to":"AWAITING_PASTE"}}
{"t":"2026-05-16T14:46:13.700","s":"s-2f8e9d58","lvl":"INFO","tag":"ClipboardSessionManager","msg":"Session state transitioned","data":{"sessionId":"dd86dbb8-40b8-4a2f-844d-1b137f0786b2","from":"AWAITING_PASTE","event":"ResponsePasted","to":"SESSION_ACTIVE"}}
{"t":"2026-05-16T14:46:53.986","s":"s-2f8e9d58","lvl":"INFO","tag":"ClipboardSessionManager","msg":"Session state transitioned","data":{"sessionId":"dd86dbb8-40b8-4a2f-844d-1b137f0786b2","from":"SESSION_ACTIVE","event":"JsonCopied","to":"AWAITING_PASTE"}}
{"t":"2026-05-16T14:47:50.402","s":"s-2f8e9d58","lvl":"INFO","tag":"ClipboardSessionManager","msg":"Session state transitioned","data":{"sessionId":"dd86dbb8-40b8-4a2f-844d-1b137f0786b2","from":"AWAITING_PASTE","event":"ResponsePasted","to":"SESSION_ACTIVE"}}
{"t":"2026-05-16T14:48:14.231","s":"s-2f8e9d58","lvl":"INFO","tag":"ClipboardSessionManager","msg":"Session state transitioned","data":{"sessionId":"dd86dbb8-40b8-4a2f-844d-1b137f0786b2","from":"SESSION_ACTIVE","event":"JsonCopied","to":"AWAITING_PASTE"}}
{"t":"2026-05-16T14:48:59.515","s":"s-2f8e9d58","lvl":"INFO","tag":"ClipboardSessionManager","msg":"Session state transitioned","data":{"sessionId":"dd86dbb8-40b8-4a2f-844d-1b137f0786b2","from":"AWAITING_PASTE","event":"ForceActivate","to":"SESSION_ACTIVE"}}
{"t":"2026-05-16T14:49:07.899","s":"s-2f8e9d58","lvl":"INFO","tag":"ClipboardSessionManager","msg":"Session state transitioned","data":{"sessionId":"dd86dbb8-40b8-4a2f-844d-1b137f0786b2","from":"SESSION_ACTIVE","event":"JsonCopied","to":"AWAITING_PASTE"}}
{"t":"2026-05-16T14:50:21.600","s":"s-2f8e9d58","lvl":"INFO","tag":"ClipboardSessionManager","msg":"Session state transitioned","data":{"sessionId":"dd86dbb8-40b8-4a2f-844d-1b137f0786b2","from":"AWAITING_PASTE","event":"ResponsePasted","to":"SESSION_ACTIVE"}}
{"t":"2026-05-16T14:52:24.473","s":"s-2f8e9d58","lvl":"INFO","tag":"ClipboardSessionManager","msg":"Session state transitioned","data":{"sessionId":"dd86dbb8-40b8-4a2f-844d-1b137f0786b2","from":"SESSION_ACTIVE","event":"JsonCopied","to":"AWAITING_PASTE"}}
{"t":"2026-05-16T14:52:40.144","s":"s-2f8e9d58","lvl":"INFO","tag":"ClipboardSessionManager","msg":"Session state transitioned","data":{"sessionId":"dd86dbb8-40b8-4a2f-844d-1b137f0786b2","from":"AWAITING_PASTE","event":"ResponsePasted","to":"SESSION_ACTIVE"}}
{"t":"2026-05-16T14:52:49.927","s":"s-2f8e9d58","lvl":"INFO","tag":"ClipboardSessionManager","msg":"Session state transitioned","data":{"sessionId":"dd86dbb8-40b8-4a2f-844d-1b137f0786b2","from":"SESSION_ACTIVE","event":"ForceAwaitPaste","to":"AWAITING_PASTE"}}
{"t":"2026-05-16T14:52:54.756","s":"s-2f8e9d58","lvl":"INFO","tag":"ClipboardSessionManager","msg":"Session state transitioned","data":{"sessionId":"dd86dbb8-40b8-4a2f-844d-1b137f0786b2","from":"AWAITING_PASTE","event":"ResponsePasted","to":"SESSION_ACTIVE"}}
{"t":"2026-05-16T14:52:54.761","s":"s-2f8e9d58","lvl":"INFO","tag":"ClipboardSessionManager","msg":"Session state transitioned","data":{"sessionId":"dd86dbb8-40b8-4a2f-844d-1b137f0786b2","from":"SESSION_ACTIVE","event":"JsonCopied","to":"AWAITING_PASTE"}}
{"t":"2026-05-16T14:54:25.437","s":"s-2f8e9d58","lvl":"INFO","tag":"ClipboardSessionManager","msg":"Session state transitioned","data":{"sessionId":"dd86dbb8-40b8-4a2f-844d-1b137f0786b2","from":"AWAITING_PASTE","event":"ResponsePasted","to":"SESSION_ACTIVE"}}
{"t":"2026-05-16T14:55:01.497","s":"s-2f8e9d58","lvl":"INFO","tag":"ClipboardSessionManager","msg":"Session state transitioned","data":{"sessionId":"dd86dbb8-40b8-4a2f-844d-1b137f0786b2","from":"SESSION_ACTIVE","event":"JsonCopied","to":"AWAITING_PASTE"}}
{"t":"2026-05-16T14:57:53.595","s":"s-2f8e9d58","lvl":"INFO","tag":"ClipboardSessionManager","msg":"Session state transitioned","data":{"sessionId":"dd86dbb8-40b8-4a2f-844d-1b137f0786b2","from":"AWAITING_PASTE","event":"ResponsePasted","to":"SESSION_ACTIVE"}}
{"t":"2026-05-16T14:58:13.011","s":"s-2f8e9d58","lvl":"INFO","tag":"ClipboardSessionManager","msg":"Session state transitioned","data":{"sessionId":"dd86dbb8-40b8-4a2f-844d-1b137f0786b2","from":"SESSION_ACTIVE","event":"JsonCopied","to":"AWAITING_PASTE"}}
{"t":"2026-05-16T14:58:33.515","s":"s-2f8e9d58","lvl":"INFO","tag":"ClipboardSessionManager","msg":"Session state transitioned","data":{"sessionId":"dd86dbb8-40b8-4a2f-844d-1b137f0786b2","from":"AWAITING_PASTE","event":"ResponsePasted","to":"SESSION_ACTIVE"}}
{"t":"2026-05-16T14:58:33.520","s":"s-2f8e9d58","lvl":"INFO","tag":"ClipboardSessionManager","msg":"Session state transitioned","data":{"sessionId":"dd86dbb8-40b8-4a2f-844d-1b137f0786b2","from":"SESSION_ACTIVE","event":"JsonCopied","to":"AWAITING_PASTE"}}
{"t":"2026-05-16T14:58:58.701","s":"s-2f8e9d58","lvl":"INFO","tag":"ClipboardSessionManager","msg":"Session state transitioned","data":{"sessionId":"dd86dbb8-40b8-4a2f-844d-1b137f0786b2","from":"AWAITING_PASTE","event":"ResponsePasted","to":"SESSION_ACTIVE"}}
{"t":"2026-05-16T15:00:07.934","s":"s-2f8e9d58","lvl":"INFO","tag":"ClipboardSessionManager","msg":"Session state transitioned","data":{"sessionId":"dd86dbb8-40b8-4a2f-844d-1b137f0786b2","from":"SESSION_ACTIVE","event":"JsonCopied","to":"AWAITING_PASTE"}}
{"t":"2026-05-16T15:00:25.745","s":"s-2f8e9d58","lvl":"INFO","tag":"ClipboardSessionManager","msg":"Session state transitioned","data":{"sessionId":"dd86dbb8-40b8-4a2f-844d-1b137f0786b2","from":"AWAITING_PASTE","event":"ResponsePasted","to":"SESSION_ACTIVE"}}
{"t":"2026-05-16T15:00:25.753","s":"s-2f8e9d58","lvl":"INFO","tag":"ClipboardSessionManager","msg":"Session state transitioned","data":{"sessionId":"dd86dbb8-40b8-4a2f-844d-1b137f0786b2","from":"SESSION_ACTIVE","event":"JsonCopied","to":"AWAITING_PASTE"}}
{"t":"2026-05-16T15:01:05.663","s":"s-2f8e9d58","lvl":"INFO","tag":"ClipboardSessionManager","msg":"Session state transitioned","data":{"sessionId":"dd86dbb8-40b8-4a2f-844d-1b137f0786b2","from":"AWAITING_PASTE","event":"ResponsePasted","to":"SESSION_ACTIVE"}}
{"t":"2026-05-16T15:01:05.670","s":"s-2f8e9d58","lvl":"INFO","tag":"ClipboardSessionManager","msg":"Session state transitioned","data":{"sessionId":"dd86dbb8-40b8-4a2f-844d-1b137f0786b2","from":"SESSION_ACTIVE","event":"JsonCopied","to":"AWAITING_PASTE"}}
{"t":"2026-05-16T15:06:33.147","s":"s-2f8e9d58","lvl":"INFO","tag":"ClipboardSessionManager","msg":"Session state transitioned","data":{"sessionId":"dd86dbb8-40b8-4a2f-844d-1b137f0786b2","from":"AWAITING_PASTE","event":"ResponsePasted","to":"SESSION_ACTIVE"}}
{"t":"2026-05-16T15:26:00.181","s":"s-2f8e9d58","lvl":"INFO","tag":"ClipboardSessionManager","msg":"Session state transitioned","data":{"sessionId":"dd86dbb8-40b8-4a2f-844d-1b137f0786b2","from":"SESSION_ACTIVE","event":"JsonCopied","to":"AWAITING_PASTE"}}
{"t":"2026-05-16T15:26:37.568","s":"s-2f8e9d58","lvl":"INFO","tag":"ClipboardSessionManager","msg":"Session state transitioned","data":{"sessionId":"dd86dbb8-40b8-4a2f-844d-1b137f0786b2","from":"AWAITING_PASTE","event":"ResponsePasted","to":"SESSION_ACTIVE"}}
{"t":"2026-05-16T15:29:33.974","s":"s-2f8e9d58","lvl":"INFO","tag":"ClipboardSessionManager","msg":"Session state transitioned","data":{"sessionId":"dd86dbb8-40b8-4a2f-844d-1b137f0786b2","from":"SESSION_ACTIVE","event":"JsonCopied","to":"AWAITING_PASTE"}}
{"t":"2026-05-16T15:30:53.913","s":"s-2f8e9d58","lvl":"INFO","tag":"ClipboardSessionManager","msg":"Session state transitioned","data":{"sessionId":"dd86dbb8-40b8-4a2f-844d-1b137f0786b2","from":"AWAITING_PASTE","event":"ResponsePasted","to":"SESSION_ACTIVE"}}
{"t":"2026-05-16T15:33:41.153","s":"s-2f8e9d58","lvl":"INFO","tag":"ClipboardSessionManager","msg":"Session state transitioned","data":{"sessionId":"dd86dbb8-40b8-4a2f-844d-1b137f0786b2","from":"SESSION_ACTIVE","event":"JsonCopied","to":"AWAITING_PASTE"}}
{"t":"2026-05-16T15:34:09.117","s":"s-2f8e9d58","lvl":"INFO","tag":"ClipboardSessionManager","msg":"Session state transitioned","data":{"sessionId":"dd86dbb8-40b8-4a2f-844d-1b137f0786b2","from":"AWAITING_PASTE","event":"ResponsePasted","to":"SESSION_ACTIVE"}}
{"t":"2026-05-16T15:34:09.126","s":"s-2f8e9d58","lvl":"INFO","tag":"ClipboardSessionManager","msg":"Session state transitioned","data":{"sessionId":"dd86dbb8-40b8-4a2f-844d-1b137f0786b2","from":"SESSION_ACTIVE","event":"JsonCopied","to":"AWAITING_PASTE"}}
{"t":"2026-05-16T15:35:08.537","s":"s-2f8e9d58","lvl":"INFO","tag":"ClipboardSessionManager","msg":"Session state transitioned","data":{"sessionId":"dd86dbb8-40b8-4a2f-844d-1b137f0786b2","from":"AWAITING_PASTE","event":"ResponsePasted","to":"SESSION_ACTIVE"}}
{"t":"2026-05-16T15:35:08.544","s":"s-2f8e9d58","lvl":"INFO","tag":"ClipboardSessionManager","msg":"Session state transitioned","data":{"sessionId":"dd86dbb8-40b8-4a2f-844d-1b137f0786b2","from":"SESSION_ACTIVE","event":"JsonCopied","to":"AWAITING_PASTE"}}
{"t":"2026-05-16T15:36:24.585","s":"s-2f8e9d58","lvl":"INFO","tag":"ClipboardSessionManager","msg":"Session state transitioned","data":{"sessionId":"dd86dbb8-40b8-4a2f-844d-1b137f0786b2","from":"AWAITING_PASTE","event":"ResponsePasted","to":"SESSION_ACTIVE"}}
{"t":"2026-05-16T15:36:48.070","s":"s-2f8e9d58","lvl":"INFO","tag":"ClipboardSessionManager","msg":"Session state transitioned","data":{"sessionId":"dd86dbb8-40b8-4a2f-844d-1b137f0786b2","from":"SESSION_ACTIVE","event":"JsonCopied","to":"AWAITING_PASTE"}}
{"t":"2026-05-16T15:37:32.108","s":"s-2f8e9d58","lvl":"INFO","tag":"ClipboardSessionManager","msg":"Session state transitioned","data":{"sessionId":"dd86dbb8-40b8-4a2f-844d-1b137f0786b2","from":"AWAITING_PASTE","event":"ResponsePasted","to":"SESSION_ACTIVE"}}
{"t":"2026-05-16T15:37:51.006","s":"s-2f8e9d58","lvl":"INFO","tag":"ClipboardSessionManager","msg":"Session state transitioned","data":{"sessionId":"dd86dbb8-40b8-4a2f-844d-1b137f0786b2","from":"SESSION_ACTIVE","event":"JsonCopied","to":"AWAITING_PASTE"}}
{"t":"2026-05-16T15:40:11.416","s":"s-2f8e9d58","lvl":"INFO","tag":"ClipboardSessionManager","msg":"Session state transitioned","data":{"sessionId":"dd86dbb8-40b8-4a2f-844d-1b137f0786b2","from":"AWAITING_PASTE","event":"ResponsePasted","to":"SESSION_ACTIVE"}}
{"t":"2026-05-16T15:40:55.191","s":"s-2f8e9d58","lvl":"INFO","tag":"ClipboardSessionManager","msg":"Session state transitioned","data":{"sessionId":"dd86dbb8-40b8-4a2f-844d-1b137f0786b2","from":"SESSION_ACTIVE","event":"JsonCopied","to":"AWAITING_PASTE"}}
{"t":"2026-05-16T15:41:51.480","s":"s-2f8e9d58","lvl":"INFO","tag":"ClipboardSessionManager","msg":"Session state transitioned","data":{"sessionId":"dd86dbb8-40b8-4a2f-844d-1b137f0786b2","from":"AWAITING_PASTE","event":"ResponsePasted","to":"SESSION_ACTIVE"}}
{"t":"2026-05-16T15:41:51.489","s":"s-2f8e9d58","lvl":"INFO","tag":"ClipboardSessionManager","msg":"Session state transitioned","data":{"sessionId":"dd86dbb8-40b8-4a2f-844d-1b137f0786b2","from":"SESSION_ACTIVE","event":"JsonCopied","to":"AWAITING_PASTE"}}
{"t":"2026-05-16T15:44:33.399","s":"s-2f8e9d58","lvl":"INFO","tag":"ClipboardSessionManager","msg":"Session state transitioned","data":{"sessionId":"dd86dbb8-40b8-4a2f-844d-1b137f0786b2","from":"AWAITING_PASTE","event":"ResponsePasted","to":"SESSION_ACTIVE"}}
{"t":"2026-05-16T15:47:32.957","s":"s-2f8e9d58","lvl":"INFO","tag":"ClipboardSessionManager","msg":"Session state transitioned","data":{"sessionId":"dd86dbb8-40b8-4a2f-844d-1b137f0786b2","from":"SESSION_ACTIVE","event":"JsonCopied","to":"AWAITING_PASTE"}}
{"t":"2026-05-16T15:49:06.400","s":"s-2f8e9d58","lvl":"INFO","tag":"ClipboardSessionManager","msg":"Session state transitioned","data":{"sessionId":"dd86dbb8-40b8-4a2f-844d-1b137f0786b2","from":"AWAITING_PASTE","event":"ResponsePasted","to":"SESSION_ACTIVE"}}
{"t":"2026-05-16T15:51:35.449","s":"s-2f8e9d58","lvl":"INFO","tag":"ClipboardSessionManager","msg":"Session state transitioned","data":{"sessionId":"dd86dbb8-40b8-4a2f-844d-1b137f0786b2","from":"SESSION_ACTIVE","event":"JsonCopied","to":"AWAITING_PASTE"}}
{"t":"2026-05-16T15:52:50.023","s":"s-2f8e9d58","lvl":"INFO","tag":"ClipboardSessionManager","msg":"Session state transitioned","data":{"sessionId":"dd86dbb8-40b8-4a2f-844d-1b137f0786b2","from":"AWAITING_PASTE","event":"ResponsePasted","to":"SESSION_ACTIVE"}}
{"t":"2026-05-16T15:53:18.354","s":"s-2f8e9d58","lvl":"INFO","tag":"ClipboardSessionManager","msg":"Session state transitioned","data":{"sessionId":"dd86dbb8-40b8-4a2f-844d-1b137f0786b2","from":"SESSION_ACTIVE","event":"JsonCopied","to":"AWAITING_PASTE"}}
{"t":"2026-05-16T15:54:44.364","s":"s-2f8e9d58","lvl":"INFO","tag":"ClipboardSessionManager","msg":"Session state transitioned","data":{"sessionId":"dd86dbb8-40b8-4a2f-844d-1b137f0786b2","from":"AWAITING_PASTE","event":"ResponsePasted","to":"SESSION_ACTIVE"}}
{"t":"2026-05-16T15:55:20.091","s":"s-2f8e9d58","lvl":"INFO","tag":"ClipboardSessionManager","msg":"Session state transitioned","data":{"sessionId":"dd86dbb8-40b8-4a2f-844d-1b137f0786b2","from":"SESSION_ACTIVE","event":"JsonCopied","to":"AWAITING_PASTE"}}
{"t":"2026-05-16T15:55:51.414","s":"s-2f8e9d58","lvl":"INFO","tag":"ClipboardSessionManager","msg":"Session state transitioned","data":{"sessionId":"dd86dbb8-40b8-4a2f-844d-1b137f0786b2","from":"AWAITING_PASTE","event":"ResponsePasted","to":"SESSION_ACTIVE"}}
{"t":"2026-05-16T15:55:51.418","s":"s-2f8e9d58","lvl":"INFO","tag":"ClipboardSessionManager","msg":"Session state transitioned","data":{"sessionId":"dd86dbb8-40b8-4a2f-844d-1b137f0786b2","from":"SESSION_ACTIVE","event":"JsonCopied","to":"AWAITING_PASTE"}}
{"t":"2026-05-16T15:56:52.960","s":"s-2f8e9d58","lvl":"INFO","tag":"ClipboardSessionManager","msg":"Session state transitioned","data":{"sessionId":"dd86dbb8-40b8-4a2f-844d-1b137f0786b2","from":"AWAITING_PASTE","event":"ResponsePasted","to":"SESSION_ACTIVE"}}
{"t":"2026-05-16T15:56:53.009","s":"s-2f8e9d58","lvl":"INFO","tag":"ClipboardSessionManager","msg":"Session state transitioned","data":{"sessionId":"dd86dbb8-40b8-4a2f-844d-1b137f0786b2","from":"SESSION_ACTIVE","event":"JsonCopied","to":"AWAITING_PASTE"}}
{"t":"2026-05-16T15:57:36.872","s":"s-2f8e9d58","lvl":"INFO","tag":"ClipboardSessionManager","msg":"Session state transitioned","data":{"sessionId":"dd86dbb8-40b8-4a2f-844d-1b137f0786b2","from":"AWAITING_PASTE","event":"ResponsePasted","to":"SESSION_ACTIVE"}}
{"t":"2026-05-16T16:04:44.196","s":"s-2f8e9d58","lvl":"INFO","tag":"ClipboardSessionManager","msg":"Session state transitioned","data":{"sessionId":"dd86dbb8-40b8-4a2f-844d-1b137f0786b2","from":"SESSION_ACTIVE","event":"JsonCopied","to":"AWAITING_PASTE"}}
{"t":"2026-05-16T16:05:46.439","s":"s-2f8e9d58","lvl":"INFO","tag":"ClipboardSessionManager","msg":"Session state transitioned","data":{"sessionId":"dd86dbb8-40b8-4a2f-844d-1b137f0786b2","from":"AWAITING_PASTE","event":"ResponsePasted","to":"SESSION_ACTIVE"}}
{"t":"2026-05-16T16:05:46.442","s":"s-2f8e9d58","lvl":"INFO","tag":"ClipboardSessionManager","msg":"Session state transitioned","data":{"sessionId":"dd86dbb8-40b8-4a2f-844d-1b137f0786b2","from":"SESSION_ACTIVE","event":"JsonCopied","to":"AWAITING_PASTE"}}
{"t":"2026-05-16T16:06:33.248","s":"s-2f8e9d58","lvl":"INFO","tag":"ClipboardSessionManager","msg":"Session state transitioned","data":{"sessionId":"dd86dbb8-40b8-4a2f-844d-1b137f0786b2","from":"AWAITING_PASTE","event":"ResponsePasted","to":"SESSION_ACTIVE"}}
{"t":"2026-05-16T16:06:33.253","s":"s-2f8e9d58","lvl":"INFO","tag":"ClipboardSessionManager","msg":"Session state transitioned","data":{"sessionId":"dd86dbb8-40b8-4a2f-844d-1b137f0786b2","from":"SESSION_ACTIVE","event":"JsonCopied","to":"AWAITING_PASTE"}}
{"t":"2026-05-16T16:09:01.754","s":"s-2f8e9d58","lvl":"INFO","tag":"ClipboardSessionManager","msg":"Session state transitioned","data":{"sessionId":"dd86dbb8-40b8-4a2f-844d-1b137f0786b2","from":"AWAITING_PASTE","event":"ResponsePasted","to":"SESSION_ACTIVE"}}
{"t":"2026-05-16T16:15:20.721","s":"s-2f8e9d58","lvl":"INFO","tag":"ClipboardSessionManager","msg":"Session state transitioned","data":{"sessionId":"dd86dbb8-40b8-4a2f-844d-1b137f0786b2","from":"SESSION_ACTIVE","event":"JsonCopied","to":"AWAITING_PASTE"}}
{"t":"2026-05-16T16:16:18.366","s":"s-2f8e9d58","lvl":"INFO","tag":"ClipboardSessionManager","msg":"Session state transitioned","data":{"sessionId":"dd86dbb8-40b8-4a2f-844d-1b137f0786b2","from":"AWAITING_PASTE","event":"ResponsePasted","to":"SESSION_ACTIVE"}}
{"t":"2026-05-16T16:16:18.371","s":"s-2f8e9d58","lvl":"INFO","tag":"ClipboardSessionManager","msg":"Session state transitioned","data":{"sessionId":"dd86dbb8-40b8-4a2f-844d-1b137f0786b2","from":"SESSION_ACTIVE","event":"JsonCopied","to":"AWAITING_PASTE"}}
{"t":"2026-05-16T16:18:32.127","s":"s-2f8e9d58","lvl":"INFO","tag":"ClipboardSessionManager","msg":"Session state transitioned","data":{"sessionId":"dd86dbb8-40b8-4a2f-844d-1b137f0786b2","from":"AWAITING_PASTE","event":"ResponsePasted","to":"SESSION_ACTIVE"}}
{"t":"2026-05-16T16:20:23.263","s":"s-2f8e9d58","lvl":"INFO","tag":"ClipboardSessionManager","msg":"Session state transitioned","data":{"sessionId":"dd86dbb8-40b8-4a2f-844d-1b137f0786b2","from":"SESSION_ACTIVE","event":"JsonCopied","to":"AWAITING_PASTE"}}
{"t":"2026-05-16T16:21:01.622","s":"s-2f8e9d58","lvl":"INFO","tag":"ClipboardSessionManager","msg":"Session state transitioned","data":{"sessionId":"dd86dbb8-40b8-4a2f-844d-1b137f0786b2","from":"AWAITING_PASTE","event":"ResponsePasted","to":"SESSION_ACTIVE"}}
{"t":"2026-05-16T16:21:01.626","s":"s-2f8e9d58","lvl":"INFO","tag":"ClipboardSessionManager","msg":"Session state transitioned","data":{"sessionId":"dd86dbb8-40b8-4a2f-844d-1b137f0786b2","from":"SESSION_ACTIVE","event":"JsonCopied","to":"AWAITING_PASTE"}}
{"t":"2026-05-16T16:22:02.584","s":"s-2f8e9d58","lvl":"INFO","tag":"ClipboardSessionManager","msg":"Session state transitioned","data":{"sessionId":"dd86dbb8-40b8-4a2f-844d-1b137f0786b2","from":"AWAITING_PASTE","event":"ResponsePasted","to":"SESSION_ACTIVE"}}
{"t":"2026-05-16T16:23:18.991","s":"s-2f8e9d58","lvl":"INFO","tag":"ClipboardSessionManager","msg":"Session state transitioned","data":{"sessionId":"dd86dbb8-40b8-4a2f-844d-1b137f0786b2","from":"SESSION_ACTIVE","event":"JsonCopied","to":"AWAITING_PASTE"}}
{"t":"2026-05-16T16:24:00.656","s":"s-2f8e9d58","lvl":"INFO","tag":"ClipboardSessionManager","msg":"Session state transitioned","data":{"sessionId":"dd86dbb8-40b8-4a2f-844d-1b137f0786b2","from":"AWAITING_PASTE","event":"ResponsePasted","to":"SESSION_ACTIVE"}}
{"t":"2026-05-16T16:27:30.621","s":"s-2f8e9d58","lvl":"INFO","tag":"ClipboardSessionManager","msg":"Session state transitioned","data":{"sessionId":"dd86dbb8-40b8-4a2f-844d-1b137f0786b2","from":"SESSION_ACTIVE","event":"JsonCopied","to":"AWAITING_PASTE"}}
{"t":"2026-05-17T00:27:30.474","s":"s-2f8e9d58","lvl":"INFO","tag":"ClipboardSessionManager","msg":"Session state transitioned","data":{"sessionId":"dd86dbb8-40b8-4a2f-844d-1b137f0786b2","from":"AWAITING_PASTE","event":"ResponsePasted","to":"SESSION_ACTIVE"}}
{"t":"2026-05-17T00:40:12.949","s":"s-2f8e9d58","lvl":"INFO","tag":"ClipboardSessionManager","msg":"Session state transitioned","data":{"sessionId":"dd86dbb8-40b8-4a2f-844d-1b137f0786b2","from":"SESSION_ACTIVE","event":"JsonCopied","to":"AWAITING_PASTE"}}
{"t":"2026-05-17T00:44:10.500","s":"s-2f8e9d58","lvl":"INFO","tag":"ClipboardSessionManager","msg":"Session state transitioned","data":{"sessionId":"dd86dbb8-40b8-4a2f-844d-1b137f0786b2","from":"AWAITING_PASTE","event":"ResponsePasted","to":"SESSION_ACTIVE"}}
{"t":"2026-05-17T00:45:19.919","s":"s-2f8e9d58","lvl":"INFO","tag":"ClipboardSessionManager","msg":"Session state transitioned","data":{"sessionId":"dd86dbb8-40b8-4a2f-844d-1b137f0786b2","from":"SESSION_ACTIVE","event":"JsonCopied","to":"AWAITING_PASTE"}}
{"t":"2026-05-17T00:46:19.186","s":"s-2f8e9d58","lvl":"INFO","tag":"ClipboardSessionManager","msg":"Session state transitioned","data":{"sessionId":"dd86dbb8-40b8-4a2f-844d-1b137f0786b2","from":"AWAITING_PASTE","event":"ResponsePasted","to":"SESSION_ACTIVE"}}
{"t":"2026-05-17T00:47:02.883","s":"s-2f8e9d58","lvl":"INFO","tag":"ClipboardSessionManager","msg":"Session state transitioned","data":{"sessionId":"dd86dbb8-40b8-4a2f-844d-1b137f0786b2","from":"SESSION_ACTIVE","event":"JsonCopied","to":"AWAITING_PASTE"}}
{"t":"2026-05-17T00:48:23.150","s":"s-2f8e9d58","lvl":"INFO","tag":"ClipboardSessionManager","msg":"Session state transitioned","data":{"sessionId":"dd86dbb8-40b8-4a2f-844d-1b137f0786b2","from":"AWAITING_PASTE","event":"ResponsePasted","to":"SESSION_ACTIVE"}}
{"t":"2026-05-17T00:49:49.156","s":"s-2f8e9d58","lvl":"INFO","tag":"ClipboardSessionManager","msg":"Session state transitioned","data":{"sessionId":"dd86dbb8-40b8-4a2f-844d-1b137f0786b2","from":"SESSION_ACTIVE","event":"JsonCopied","to":"AWAITING_PASTE"}}
{"t":"2026-05-17T00:50:24.313","s":"s-2f8e9d58","lvl":"INFO","tag":"ClipboardSessionManager","msg":"Session state transitioned","data":{"sessionId":"dd86dbb8-40b8-4a2f-844d-1b137f0786b2","from":"AWAITING_PASTE","event":"ResponsePasted","to":"SESSION_ACTIVE"}}
{"t":"2026-05-17T00:50:24.321","s":"s-2f8e9d58","lvl":"INFO","tag":"ClipboardSessionManager","msg":"Session state transitioned","data":{"sessionId":"dd86dbb8-40b8-4a2f-844d-1b137f0786b2","from":"SESSION_ACTIVE","event":"JsonCopied","to":"AWAITING_PASTE"}}
{"t":"2026-05-17T00:52:39.377","s":"s-2f8e9d58","lvl":"INFO","tag":"ClipboardSessionManager","msg":"Session state transitioned","data":{"sessionId":"dd86dbb8-40b8-4a2f-844d-1b137f0786b2","from":"AWAITING_PASTE","event":"ResponsePasted","to":"SESSION_ACTIVE"}}
{"t":"2026-05-17T00:52:39.382","s":"s-2f8e9d58","lvl":"INFO","tag":"ClipboardSessionManager","msg":"Session state transitioned","data":{"sessionId":"dd86dbb8-40b8-4a2f-844d-1b137f0786b2","from":"SESSION_ACTIVE","event":"JsonCopied","to":"AWAITING_PASTE"}}
{"t":"2026-05-17T11:01:01.386","s":"s-d776a2f9","lvl":"SESSION","tag":"ProjectLogger","msg":"START","data":{"project":"MaxVibes","ideVersion":"2023.3.3","os":"Windows 11 10.0"}}
{"t":"2026-05-17T11:01:02.061","s":"s-d776a2f9","lvl":"INFO","tag":"ClipboardSessionManager","msg":"Session state transitioned","data":{"sessionId":"dd86dbb8-40b8-4a2f-844d-1b137f0786b2","from":"AWAITING_PASTE","event":"ResponsePasted","to":"SESSION_ACTIVE"}}
{"t":"2026-05-17T11:05:08.192","s":"s-d776a2f9","lvl":"INFO","tag":"ClipboardSessionManager","msg":"Session state transitioned","data":{"sessionId":"dd86dbb8-40b8-4a2f-844d-1b137f0786b2","from":"SESSION_ACTIVE","event":"JsonCopied","to":"AWAITING_PASTE"}}
{"t":"2026-05-17T11:07:16.412","s":"s-d776a2f9","lvl":"INFO","tag":"ClipboardSessionManager","msg":"Session state transitioned","data":{"sessionId":"dd86dbb8-40b8-4a2f-844d-1b137f0786b2","from":"AWAITING_PASTE","event":"ResponsePasted","to":"SESSION_ACTIVE"}}
{"t":"2026-05-17T22:20:24.871","s":"s-f7280e43","lvl":"SESSION","tag":"ProjectLogger","msg":"START","data":{"project":"MaxVibes","ideVersion":"2023.3.3","os":"Windows 11 10.0"}}
{"t":"2026-05-17T22:20:24.911","s":"s-f7280e43","lvl":"INFO","tag":"ClipboardSessionManager","msg":"Session state transitioned","data":{"sessionId":"b1550805-d75c-4baf-a85e-4b78c99c1cf2","from":"IDLE","event":"StartSession","to":"SESSION_ACTIVE"}}
{"t":"2026-05-17T22:23:23.594","s":"s-f7280e43","lvl":"INFO","tag":"ClipboardSessionManager","msg":"Session state transitioned","data":{"sessionId":"6e147da2-2e4f-43e2-9758-7383be6e2306","from":"IDLE","event":"StartSession","to":"SESSION_ACTIVE"}}
{"t":"2026-05-17T22:23:41.315","s":"s-f7280e43","lvl":"DEBUG","tag":"ClipboardSessionManager","msg":"No-op transition (target equals current)","data":{"sessionId":"6e147da2-2e4f-43e2-9758-7383be6e2306","status":"SESSION_ACTIVE","event":"ResponseReceived"}}
{"t":"2026-05-17T22:26:26.362","s":"s-f7280e43","lvl":"DEBUG","tag":"ClipboardSessionManager","msg":"No-op transition (target equals current)","data":{"sessionId":"6e147da2-2e4f-43e2-9758-7383be6e2306","status":"SESSION_ACTIVE","event":"ResponseReceived"}}
{"t":"2026-05-17T22:29:27.789","s":"s-f7280e43","lvl":"DEBUG","tag":"ClipboardSessionManager","msg":"No-op transition (target equals current)","data":{"sessionId":"6e147da2-2e4f-43e2-9758-7383be6e2306","status":"SESSION_ACTIVE","event":"ResponseReceived"}}
{"t":"2026-05-17T22:33:43.158","s":"s-f7280e43","lvl":"DEBUG","tag":"ClipboardSessionManager","msg":"No-op transition (target equals current)","data":{"sessionId":"6e147da2-2e4f-43e2-9758-7383be6e2306","status":"SESSION_ACTIVE","event":"ResponseReceived"}}
{"t":"2026-05-17T22:37:10.146","s":"s-f7280e43","lvl":"INFO","tag":"ClipboardSessionManager","msg":"Session state transitioned","data":{"sessionId":"6e147da2-2e4f-43e2-9758-7383be6e2306","from":"SESSION_ACTIVE","event":"ResponseReceived","to":"AWAITING_APPROVE"}}
{"t":"2026-05-17T22:37:21.488","s":"s-f7280e43","lvl":"INFO","tag":"ClipboardSessionManager","msg":"Session state transitioned","data":{"sessionId":"6e147da2-2e4f-43e2-9758-7383be6e2306","from":"AWAITING_APPROVE","event":"Approved","to":"SESSION_ACTIVE"}}
{"t":"2026-05-17T22:46:09.101","s":"s-f7280e43","lvl":"DEBUG","tag":"ClipboardSessionManager","msg":"No-op transition (target equals current)","data":{"sessionId":"6e147da2-2e4f-43e2-9758-7383be6e2306","status":"SESSION_ACTIVE","event":"ResponseReceived"}}
{"t":"2026-05-17T22:47:35.485","s":"s-f7280e43","lvl":"DEBUG","tag":"ClipboardSessionManager","msg":"No-op transition (target equals current)","data":{"sessionId":"6e147da2-2e4f-43e2-9758-7383be6e2306","status":"SESSION_ACTIVE","event":"ResponseReceived"}}
{"t":"2026-05-17T22:53:16.160","s":"s-f7280e43","lvl":"DEBUG","tag":"ClipboardSessionManager","msg":"No-op transition (target equals current)","data":{"sessionId":"6e147da2-2e4f-43e2-9758-7383be6e2306","status":"SESSION_ACTIVE","event":"ResponseReceived"}}
{"t":"2026-05-17T22:54:24.512","s":"s-f7280e43","lvl":"DEBUG","tag":"ClipboardSessionManager","msg":"No-op transition (target equals current)","data":{"sessionId":"6e147da2-2e4f-43e2-9758-7383be6e2306","status":"SESSION_ACTIVE","event":"ResponseReceived"}}
{"t":"2026-05-17T22:56:56.800","s":"s-f7280e43","lvl":"DEBUG","tag":"ClipboardSessionManager","msg":"No-op transition (target equals current)","data":{"sessionId":"6e147da2-2e4f-43e2-9758-7383be6e2306","status":"SESSION_ACTIVE","event":"ResponseReceived"}}
{"t":"2026-05-17T22:58:42.056","s":"s-f7280e43","lvl":"DEBUG","tag":"ClipboardSessionManager","msg":"No-op transition (target equals current)","data":{"sessionId":"6e147da2-2e4f-43e2-9758-7383be6e2306","status":"SESSION_ACTIVE","event":"ResponseReceived"}}
{"t":"2026-05-17T23:00:05.719","s":"s-f7280e43","lvl":"DEBUG","tag":"ClipboardSessionManager","msg":"No-op transition (target equals current)","data":{"sessionId":"6e147da2-2e4f-43e2-9758-7383be6e2306","status":"SESSION_ACTIVE","event":"ResponseReceived"}}
{"t":"2026-05-17T23:02:12.407","s":"s-f7280e43","lvl":"DEBUG","tag":"ClipboardSessionManager","msg":"No-op transition (target equals current)","data":{"sessionId":"6e147da2-2e4f-43e2-9758-7383be6e2306","status":"SESSION_ACTIVE","event":"ResponseReceived"}}
{"t":"2026-05-17T23:04:01.107","s":"s-f7280e43","lvl":"INFO","tag":"ClipboardSessionManager","msg":"Session state transitioned","data":{"sessionId":"e5c15218-f53d-47b9-8377-f49d0209539e","from":"IDLE","event":"StartSession","to":"SESSION_ACTIVE"}}
{"t":"2026-05-17T23:04:12.151","s":"s-f7280e43","lvl":"INFO","tag":"ClipboardSessionManager","msg":"Session state transitioned","data":{"sessionId":"e5c15218-f53d-47b9-8377-f49d0209539e","from":"SESSION_ACTIVE","event":"ResponseReceived","to":"AWAITING_APPROVE"}}
{"t":"2026-05-17T23:04:17.994","s":"s-f7280e43","lvl":"INFO","tag":"ClipboardSessionManager","msg":"Session state transitioned","data":{"sessionId":"e5c15218-f53d-47b9-8377-f49d0209539e","from":"AWAITING_APPROVE","event":"Approved","to":"SESSION_ACTIVE"}}
{"t":"2026-05-17T23:04:51.536","s":"s-f7280e43","lvl":"DEBUG","tag":"ClipboardSessionManager","msg":"No-op transition (target equals current)","data":{"sessionId":"e5c15218-f53d-47b9-8377-f49d0209539e","status":"SESSION_ACTIVE","event":"ResponseReceived"}}
{"t":"2026-05-17T23:05:57.991","s":"s-f7280e43","lvl":"INFO","tag":"ClipboardSessionManager","msg":"Session state transitioned","data":{"sessionId":"e5c15218-f53d-47b9-8377-f49d0209539e","from":"SESSION_ACTIVE","event":"ResponseReceived","to":"AWAITING_APPROVE"}}
{"t":"2026-05-17T23:06:07.453","s":"s-f7280e43","lvl":"INFO","tag":"ClipboardSessionManager","msg":"Session state transitioned","data":{"sessionId":"e5c15218-f53d-47b9-8377-f49d0209539e","from":"AWAITING_APPROVE","event":"Approved","to":"SESSION_ACTIVE"}}
{"t":"2026-05-17T23:06:34.923","s":"s-f7280e43","lvl":"DEBUG","tag":"ClipboardSessionManager","msg":"No-op transition (target equals current)","data":{"sessionId":"e5c15218-f53d-47b9-8377-f49d0209539e","status":"SESSION_ACTIVE","event":"ResponseReceived"}}
{"t":"2026-05-17T23:08:23.704","s":"s-f7280e43","lvl":"DEBUG","tag":"ClipboardSessionManager","msg":"No-op transition (target equals current)","data":{"sessionId":"e5c15218-f53d-47b9-8377-f49d0209539e","status":"SESSION_ACTIVE","event":"ResponseReceived"}}
{"t":"2026-05-17T23:09:34.119","s":"s-f7280e43","lvl":"DEBUG","tag":"ClipboardSessionManager","msg":"No-op transition (target equals current)","data":{"sessionId":"e5c15218-f53d-47b9-8377-f49d0209539e","status":"SESSION_ACTIVE","event":"ResponseReceived"}}
{"t":"2026-05-17T23:14:14.393","s":"s-f7280e43","lvl":"INFO","tag":"ClipboardSessionManager","msg":"Session state transitioned","data":{"sessionId":"e5c15218-f53d-47b9-8377-f49d0209539e","from":"SESSION_ACTIVE","event":"ResponseReceived","to":"AWAITING_APPROVE"}}
{"t":"2026-05-17T23:15:24.711","s":"s-f7280e43","lvl":"INFO","tag":"ClipboardSessionManager","msg":"Session state transitioned","data":{"sessionId":"e5c15218-f53d-47b9-8377-f49d0209539e","from":"AWAITING_APPROVE","event":"Approved","to":"SESSION_ACTIVE"}}
{"t":"2026-05-17T23:15:51.940","s":"s-f7280e43","lvl":"INFO","tag":"ClipboardSessionManager","msg":"Session state transitioned","data":{"sessionId":"e5c15218-f53d-47b9-8377-f49d0209539e","from":"SESSION_ACTIVE","event":"ResponseReceived","to":"AWAITING_APPROVE"}}
{"t":"2026-05-17T23:16:04.745","s":"s-f7280e43","lvl":"INFO","tag":"ClipboardSessionManager","msg":"Session state transitioned","data":{"sessionId":"e5c15218-f53d-47b9-8377-f49d0209539e","from":"AWAITING_APPROVE","event":"Approved","to":"SESSION_ACTIVE"}}
{"t":"2026-05-17T23:18:43.117","s":"s-f7280e43","lvl":"DEBUG","tag":"ClipboardSessionManager","msg":"No-op transition (target equals current)","data":{"sessionId":"e5c15218-f53d-47b9-8377-f49d0209539e","status":"SESSION_ACTIVE","event":"ResponseReceived"}}
{"t":"2026-05-17T23:19:29.270","s":"s-f7280e43","lvl":"INFO","tag":"ClipboardSessionManager","msg":"Session state transitioned","data":{"sessionId":"e5c15218-f53d-47b9-8377-f49d0209539e","from":"SESSION_ACTIVE","event":"ResponseReceived","to":"AWAITING_APPROVE"}}
{"t":"2026-05-17T23:19:40.728","s":"s-f7280e43","lvl":"INFO","tag":"ClipboardSessionManager","msg":"Session state transitioned","data":{"sessionId":"e5c15218-f53d-47b9-8377-f49d0209539e","from":"AWAITING_APPROVE","event":"Approved","to":"SESSION_ACTIVE"}}
{"t":"2026-05-17T23:20:24.734","s":"s-f7280e43","lvl":"DEBUG","tag":"ClipboardSessionManager","msg":"No-op transition (target equals current)","data":{"sessionId":"e5c15218-f53d-47b9-8377-f49d0209539e","status":"SESSION_ACTIVE","event":"ResponseReceived"}}
{"t":"2026-05-17T23:21:08.145","s":"s-f7280e43","lvl":"DEBUG","tag":"ClipboardSessionManager","msg":"No-op transition (target equals current)","data":{"sessionId":"e5c15218-f53d-47b9-8377-f49d0209539e","status":"SESSION_ACTIVE","event":"ResponseReceived"}}
{"t":"2026-05-17T23:24:17.088","s":"s-f7280e43","lvl":"INFO","tag":"ClipboardSessionManager","msg":"Session state transitioned","data":{"sessionId":"e5c15218-f53d-47b9-8377-f49d0209539e","from":"SESSION_ACTIVE","event":"ResponseReceived","to":"AWAITING_APPROVE"}}
{"t":"2026-05-17T23:24:20.870","s":"s-f7280e43","lvl":"INFO","tag":"ClipboardSessionManager","msg":"Session state transitioned","data":{"sessionId":"e5c15218-f53d-47b9-8377-f49d0209539e","from":"AWAITING_APPROVE","event":"Approved","to":"SESSION_ACTIVE"}}
{"t":"2026-05-17T23:26:17.651","s":"s-f7280e43","lvl":"INFO","tag":"ClipboardSessionManager","msg":"Session state transitioned","data":{"sessionId":"e5c15218-f53d-47b9-8377-f49d0209539e","from":"SESSION_ACTIVE","event":"ResponseReceived","to":"AWAITING_APPROVE"}}
{"t":"2026-05-17T23:26:34.488","s":"s-f7280e43","lvl":"INFO","tag":"ClipboardSessionManager","msg":"Session state transitioned","data":{"sessionId":"e5c15218-f53d-47b9-8377-f49d0209539e","from":"AWAITING_APPROVE","event":"Approved","to":"SESSION_ACTIVE"}}
{"t":"2026-05-17T23:29:53.818","s":"s-f7280e43","lvl":"DEBUG","tag":"ClipboardSessionManager","msg":"No-op transition (target equals current)","data":{"sessionId":"e5c15218-f53d-47b9-8377-f49d0209539e","status":"SESSION_ACTIVE","event":"ResponseReceived"}}
{"t":"2026-05-17T23:36:00.758","s":"s-f7280e43","lvl":"DEBUG","tag":"ClipboardSessionManager","msg":"No-op transition (target equals current)","data":{"sessionId":"e5c15218-f53d-47b9-8377-f49d0209539e","status":"SESSION_ACTIVE","event":"ResponseReceived"}}
{"t":"2026-05-17T23:42:53.242","s":"s-f7280e43","lvl":"DEBUG","tag":"ClipboardSessionManager","msg":"No-op transition (target equals current)","data":{"sessionId":"e5c15218-f53d-47b9-8377-f49d0209539e","status":"SESSION_ACTIVE","event":"ResponseReceived"}}
{"t":"2026-05-17T23:50:56.933","s":"s-f7280e43","lvl":"DEBUG","tag":"ClipboardSessionManager","msg":"No-op transition (target equals current)","data":{"sessionId":"e5c15218-f53d-47b9-8377-f49d0209539e","status":"SESSION_ACTIVE","event":"ResponseReceived"}}
{"t":"2026-05-17T23:58:26.702","s":"s-f7280e43","lvl":"INFO","tag":"ClipboardSessionManager","msg":"Session state transitioned","data":{"sessionId":"e5c15218-f53d-47b9-8377-f49d0209539e","from":"SESSION_ACTIVE","event":"ResponseReceived","to":"AWAITING_APPROVE"}}
{"t":"2026-05-17T23:58:33.634","s":"s-f7280e43","lvl":"INFO","tag":"ClipboardSessionManager","msg":"Session state transitioned","data":{"sessionId":"e5c15218-f53d-47b9-8377-f49d0209539e","from":"AWAITING_APPROVE","event":"Approved","to":"SESSION_ACTIVE"}}
{"t":"2026-05-17T23:59:23.785","s":"s-f7280e43","lvl":"DEBUG","tag":"ClipboardSessionManager","msg":"No-op transition (target equals current)","data":{"sessionId":"e5c15218-f53d-47b9-8377-f49d0209539e","status":"SESSION_ACTIVE","event":"ResponseReceived"}}
{"t":"2026-07-04T19:15:15.408","s":"s-070eda13","lvl":"SESSION","tag":"ProjectLogger","msg":"START","data":{"project":"MaxVibes","ideVersion":"2023.3.3","os":"Windows 11 10.0"}}
{"t":"2026-07-04T19:15:15.441","s":"s-070eda13","lvl":"INFO","tag":"ClipboardSessionManager","msg":"Session state transitioned","data":{"sessionId":"33e9c804-e975-4216-8bf2-72a89717a7e0","from":"IDLE","event":"StartSession","to":"SESSION_ACTIVE"}}
{"t":"2026-07-04T19:15:15.715","s":"s-070eda13","lvl":"INFO","tag":"ClipboardSessionManager","msg":"Session state transitioned","data":{"sessionId":"33e9c804-e975-4216-8bf2-72a89717a7e0","from":"SESSION_ACTIVE","event":"JsonCopied","to":"AWAITING_PASTE"}}
{"t":"2026-07-04T19:17:16.685","s":"s-070eda13","lvl":"INFO","tag":"ClipboardSessionManager","msg":"Session state transitioned","data":{"sessionId":"33e9c804-e975-4216-8bf2-72a89717a7e0","from":"AWAITING_PASTE","event":"ResponsePasted","to":"SESSION_ACTIVE"}}
{"t":"2026-07-04T19:17:16.867","s":"s-070eda13","lvl":"INFO","tag":"ClipboardSessionManager","msg":"Session state transitioned","data":{"sessionId":"33e9c804-e975-4216-8bf2-72a89717a7e0","from":"SESSION_ACTIVE","event":"JsonCopied","to":"AWAITING_PASTE"}}
{"t":"2026-07-04T19:27:56.073","s":"s-070eda13","lvl":"INFO","tag":"ClipboardSessionManager","msg":"Session state transitioned","data":{"sessionId":"33e9c804-e975-4216-8bf2-72a89717a7e0","from":"AWAITING_PASTE","event":"ResponsePasted","to":"SESSION_ACTIVE"}}
{"t":"2026-07-04T19:27:57.416","s":"s-070eda13","lvl":"INFO","tag":"ClipboardSessionManager","msg":"Session state transitioned","data":{"sessionId":"33e9c804-e975-4216-8bf2-72a89717a7e0","from":"SESSION_ACTIVE","event":"JsonCopied","to":"AWAITING_PASTE"}}
{"t":"2026-07-04T19:59:23.633","s":"s-070eda13","lvl":"INFO","tag":"ClipboardSessionManager","msg":"Session state transitioned","data":{"sessionId":"33e9c804-e975-4216-8bf2-72a89717a7e0","from":"AWAITING_PASTE","event":"ResponsePasted","to":"SESSION_ACTIVE"}}
{"t":"2026-07-04T20:05:55.498","s":"s-070eda13","lvl":"INFO","tag":"ClipboardSessionManager","msg":"Session state transitioned","data":{"sessionId":"33e9c804-e975-4216-8bf2-72a89717a7e0","from":"SESSION_ACTIVE","event":"JsonCopied","to":"AWAITING_PASTE"}}
{"t":"2026-07-04T20:09:40.114","s":"s-070eda13","lvl":"INFO","tag":"ClipboardSessionManager","msg":"Session state transitioned","data":{"sessionId":"33e9c804-e975-4216-8bf2-72a89717a7e0","from":"AWAITING_PASTE","event":"ResponsePasted","to":"SESSION_ACTIVE"}}
{"t":"2026-07-04T20:09:40.131","s":"s-070eda13","lvl":"INFO","tag":"ClipboardSessionManager","msg":"Session state transitioned","data":{"sessionId":"33e9c804-e975-4216-8bf2-72a89717a7e0","from":"SESSION_ACTIVE","event":"JsonCopied","to":"AWAITING_PASTE"}}
{"t":"2026-07-04T20:18:59.762","s":"s-070eda13","lvl":"INFO","tag":"ClipboardSessionManager","msg":"Session state transitioned","data":{"sessionId":"b7605e62-7611-4c63-957c-205de11e3e11","from":"IDLE","event":"StartSession","to":"SESSION_ACTIVE"}}
{"t":"2026-07-04T20:18:59.971","s":"s-070eda13","lvl":"INFO","tag":"ClipboardSessionManager","msg":"Session state transitioned","data":{"sessionId":"b7605e62-7611-4c63-957c-205de11e3e11","from":"SESSION_ACTIVE","event":"JsonCopied","to":"AWAITING_PASTE"}}
{"t":"2026-07-04T20:20:54.808","s":"s-070eda13","lvl":"INFO","tag":"ClipboardSessionManager","msg":"Session state transitioned","data":{"sessionId":"b7605e62-7611-4c63-957c-205de11e3e11","from":"AWAITING_PASTE","event":"ResponsePasted","to":"SESSION_ACTIVE"}}
{"t":"2026-07-04T20:20:54.819","s":"s-070eda13","lvl":"INFO","tag":"ClipboardSessionManager","msg":"Session state transitioned","data":{"sessionId":"b7605e62-7611-4c63-957c-205de11e3e11","from":"SESSION_ACTIVE","event":"JsonCopied","to":"AWAITING_PASTE"}}
{"t":"2026-07-04T20:23:09.936","s":"s-070eda13","lvl":"INFO","tag":"ClipboardSessionManager","msg":"Session state transitioned","data":{"sessionId":"b7605e62-7611-4c63-957c-205de11e3e11","from":"AWAITING_PASTE","event":"ResponsePasted","to":"SESSION_ACTIVE"}}
{"t":"2026-07-04T20:23:09.944","s":"s-070eda13","lvl":"INFO","tag":"ClipboardSessionManager","msg":"Session state transitioned","data":{"sessionId":"b7605e62-7611-4c63-957c-205de11e3e11","from":"SESSION_ACTIVE","event":"JsonCopied","to":"AWAITING_PASTE"}}
{"t":"2026-07-04T20:26:07.626","s":"s-070eda13","lvl":"INFO","tag":"ClipboardSessionManager","msg":"Session state transitioned","data":{"sessionId":"b7605e62-7611-4c63-957c-205de11e3e11","from":"AWAITING_PASTE","event":"ResponsePasted","to":"SESSION_ACTIVE"}}
{"t":"2026-07-04T20:37:40.337","s":"s-070eda13","lvl":"INFO","tag":"ClipboardSessionManager","msg":"Session state transitioned","data":{"sessionId":"b7605e62-7611-4c63-957c-205de11e3e11","from":"SESSION_ACTIVE","event":"JsonCopied","to":"AWAITING_PASTE"}}
{"t":"2026-07-04T20:41:29.051","s":"s-070eda13","lvl":"INFO","tag":"ClipboardSessionManager","msg":"Session state transitioned","data":{"sessionId":"b7605e62-7611-4c63-957c-205de11e3e11","from":"AWAITING_PASTE","event":"ResponsePasted","to":"SESSION_ACTIVE"}}
{"t":"2026-07-04T21:31:32.798","s":"s-070eda13","lvl":"INFO","tag":"ClipboardSessionManager","msg":"Session state transitioned","data":{"sessionId":"b7605e62-7611-4c63-957c-205de11e3e11","from":"SESSION_ACTIVE","event":"JsonCopied","to":"AWAITING_PASTE"}}
{"t":"2026-07-04T21:31:54.757","s":"s-070eda13","lvl":"INFO","tag":"ClipboardSessionManager","msg":"Session state transitioned","data":{"sessionId":"b7605e62-7611-4c63-957c-205de11e3e11","from":"AWAITING_PASTE","event":"ForceActivate","to":"SESSION_ACTIVE"}}
{"t":"2026-07-04T21:32:35.128","s":"s-070eda13","lvl":"INFO","tag":"ClipboardSessionManager","msg":"Session state transitioned","data":{"sessionId":"b7605e62-7611-4c63-957c-205de11e3e11","from":"SESSION_ACTIVE","event":"JsonCopied","to":"AWAITING_PASTE"}}
{"t":"2026-07-04T21:35:08.785","s":"s-070eda13","lvl":"INFO","tag":"ClipboardSessionManager","msg":"Session state transitioned","data":{"sessionId":"b7605e62-7611-4c63-957c-205de11e3e11","from":"AWAITING_PASTE","event":"ResponsePasted","to":"SESSION_ACTIVE"}}
{"t":"2026-07-04T21:35:08.964","s":"s-070eda13","lvl":"INFO","tag":"ClipboardSessionManager","msg":"Session state transitioned","data":{"sessionId":"b7605e62-7611-4c63-957c-205de11e3e11","from":"SESSION_ACTIVE","event":"JsonCopied","to":"AWAITING_PASTE"}}
{"t":"2026-07-04T21:43:27.775","s":"s-070eda13","lvl":"INFO","tag":"ClipboardSessionManager","msg":"Session state transitioned","data":{"sessionId":"b7605e62-7611-4c63-957c-205de11e3e11","from":"AWAITING_PASTE","event":"ResponsePasted","to":"SESSION_ACTIVE"}}
{"t":"2026-07-04T21:50:13.086","s":"s-070eda13","lvl":"INFO","tag":"ClipboardSessionManager","msg":"Session state transitioned","data":{"sessionId":"b7605e62-7611-4c63-957c-205de11e3e11","from":"SESSION_ACTIVE","event":"JsonCopied","to":"AWAITING_PASTE"}}
{"t":"2026-07-04T22:06:16.357","s":"s-070eda13","lvl":"INFO","tag":"ClipboardSessionManager","msg":"Session state transitioned","data":{"sessionId":"b7605e62-7611-4c63-957c-205de11e3e11","from":"AWAITING_PASTE","event":"ResponsePasted","to":"SESSION_ACTIVE"}}
{"t":"2026-07-04T22:07:11.472","s":"s-070eda13","lvl":"INFO","tag":"ClipboardSessionManager","msg":"Session state transitioned","data":{"sessionId":"b7605e62-7611-4c63-957c-205de11e3e11","from":"SESSION_ACTIVE","event":"JsonCopied","to":"AWAITING_PASTE"}}
{"t":"2026-07-04T22:14:32.268","s":"s-070eda13","lvl":"INFO","tag":"ClipboardSessionManager","msg":"Session state transitioned","data":{"sessionId":"b7605e62-7611-4c63-957c-205de11e3e11","from":"AWAITING_PASTE","event":"ResponsePasted","to":"SESSION_ACTIVE"}}
{"t":"2026-07-04T22:17:49.071","s":"s-070eda13","lvl":"INFO","tag":"ClipboardSessionManager","msg":"Session state transitioned","data":{"sessionId":"b7605e62-7611-4c63-957c-205de11e3e11","from":"SESSION_ACTIVE","event":"JsonCopied","to":"AWAITING_PASTE"}}
{"t":"2026-07-04T22:24:42.573","s":"s-070eda13","lvl":"INFO","tag":"ClipboardSessionManager","msg":"Session state transitioned","data":{"sessionId":"b7605e62-7611-4c63-957c-205de11e3e11","from":"AWAITING_PASTE","event":"ResponsePasted","to":"SESSION_ACTIVE"}}
{"t":"2026-07-04T22:24:42.781","s":"s-070eda13","lvl":"INFO","tag":"ClipboardSessionManager","msg":"Session state transitioned","data":{"sessionId":"b7605e62-7611-4c63-957c-205de11e3e11","from":"SESSION_ACTIVE","event":"JsonCopied","to":"AWAITING_PASTE"}}
{"t":"2026-07-04T22:29:22.742","s":"s-070eda13","lvl":"INFO","tag":"ClipboardSessionManager","msg":"Session state transitioned","data":{"sessionId":"b7605e62-7611-4c63-957c-205de11e3e11","from":"AWAITING_PASTE","event":"ResponsePasted","to":"SESSION_ACTIVE"}}
{"t":"2026-07-04T22:29:23.254","s":"s-070eda13","lvl":"INFO","tag":"ClipboardSessionManager","msg":"Session state transitioned","data":{"sessionId":"b7605e62-7611-4c63-957c-205de11e3e11","from":"SESSION_ACTIVE","event":"JsonCopied","to":"AWAITING_PASTE"}}
{"t":"2026-07-04T22:33:58.599","s":"s-070eda13","lvl":"INFO","tag":"ClipboardSessionManager","msg":"Session state transitioned","data":{"sessionId":"b7605e62-7611-4c63-957c-205de11e3e11","from":"AWAITING_PASTE","event":"ResponsePasted","to":"SESSION_ACTIVE"}}
{"t":"2026-07-04T22:33:58.692","s":"s-070eda13","lvl":"INFO","tag":"ClipboardSessionManager","msg":"Session state transitioned","data":{"sessionId":"b7605e62-7611-4c63-957c-205de11e3e11","from":"SESSION_ACTIVE","event":"JsonCopied","to":"AWAITING_PASTE"}}
{"t":"2026-07-04T22:38:09.477","s":"s-070eda13","lvl":"INFO","tag":"ClipboardSessionManager","msg":"Session state transitioned","data":{"sessionId":"b7605e62-7611-4c63-957c-205de11e3e11","from":"AWAITING_PASTE","event":"ResponsePasted","to":"SESSION_ACTIVE"}}
{"t":"2026-07-04T22:42:00.989","s":"s-070eda13","lvl":"INFO","tag":"ClipboardSessionManager","msg":"Session state transitioned","data":{"sessionId":"b7605e62-7611-4c63-957c-205de11e3e11","from":"SESSION_ACTIVE","event":"JsonCopied","to":"AWAITING_PASTE"}}
{"t":"2026-07-04T22:46:15.154","s":"s-070eda13","lvl":"INFO","tag":"ClipboardSessionManager","msg":"Session state transitioned","data":{"sessionId":"b7605e62-7611-4c63-957c-205de11e3e11","from":"AWAITING_PASTE","event":"ResponsePasted","to":"SESSION_ACTIVE"}}
{"t":"2026-07-04T22:46:15.169","s":"s-070eda13","lvl":"INFO","tag":"ClipboardSessionManager","msg":"Session state transitioned","data":{"sessionId":"b7605e62-7611-4c63-957c-205de11e3e11","from":"SESSION_ACTIVE","event":"JsonCopied","to":"AWAITING_PASTE"}}
{"t":"2026-07-04T22:47:56.325","s":"s-070eda13","lvl":"INFO","tag":"ClipboardSessionManager","msg":"Session state transitioned","data":{"sessionId":"b7605e62-7611-4c63-957c-205de11e3e11","from":"AWAITING_PASTE","event":"ResponsePasted","to":"SESSION_ACTIVE"}}
{"t":"2026-07-04T22:49:11.184","s":"s-070eda13","lvl":"INFO","tag":"ClipboardSessionManager","msg":"Session state transitioned","data":{"sessionId":"b7605e62-7611-4c63-957c-205de11e3e11","from":"SESSION_ACTIVE","event":"JsonCopied","to":"AWAITING_PASTE"}}
{"t":"2026-07-04T22:53:22.693","s":"s-070eda13","lvl":"INFO","tag":"ClipboardSessionManager","msg":"Session state transitioned","data":{"sessionId":"b7605e62-7611-4c63-957c-205de11e3e11","from":"AWAITING_PASTE","event":"ResponsePasted","to":"SESSION_ACTIVE"}}
{"t":"2026-07-04T22:55:59.688","s":"s-070eda13","lvl":"INFO","tag":"ClipboardSessionManager","msg":"Session state transitioned","data":{"sessionId":"b7605e62-7611-4c63-957c-205de11e3e11","from":"SESSION_ACTIVE","event":"JsonCopied","to":"AWAITING_PASTE"}}
{"t":"2026-07-04T22:58:14.223","s":"s-070eda13","lvl":"INFO","tag":"ClipboardSessionManager","msg":"Session state transitioned","data":{"sessionId":"b7605e62-7611-4c63-957c-205de11e3e11","from":"AWAITING_PASTE","event":"ResponsePasted","to":"SESSION_ACTIVE"}}
{"t":"2026-07-04T23:21:44.596","s":"s-070eda13","lvl":"INFO","tag":"ClipboardSessionManager","msg":"Session state transitioned","data":{"sessionId":"ff2a5712-cd5d-4f0d-8fa4-e17e0789aeb3","from":"IDLE","event":"StartSession","to":"SESSION_ACTIVE"}}
{"t":"2026-07-04T23:21:44.764","s":"s-070eda13","lvl":"INFO","tag":"ClipboardSessionManager","msg":"Session state transitioned","data":{"sessionId":"ff2a5712-cd5d-4f0d-8fa4-e17e0789aeb3","from":"SESSION_ACTIVE","event":"JsonCopied","to":"AWAITING_PASTE"}}
{"t":"2026-07-04T23:24:28.965","s":"s-070eda13","lvl":"INFO","tag":"ClipboardSessionManager","msg":"Session state transitioned","data":{"sessionId":"ff2a5712-cd5d-4f0d-8fa4-e17e0789aeb3","from":"AWAITING_PASTE","event":"ResponsePasted","to":"SESSION_ACTIVE"}}
{"t":"2026-07-04T23:24:29.122","s":"s-070eda13","lvl":"INFO","tag":"ClipboardSessionManager","msg":"Session state transitioned","data":{"sessionId":"ff2a5712-cd5d-4f0d-8fa4-e17e0789aeb3","from":"SESSION_ACTIVE","event":"JsonCopied","to":"AWAITING_PASTE"}}
{"t":"2026-07-04T23:27:33.228","s":"s-070eda13","lvl":"INFO","tag":"ClipboardSessionManager","msg":"Session state transitioned","data":{"sessionId":"ff2a5712-cd5d-4f0d-8fa4-e17e0789aeb3","from":"AWAITING_PASTE","event":"ResponsePasted","to":"SESSION_ACTIVE"}}
{"t":"2026-07-04T23:27:33.339","s":"s-070eda13","lvl":"INFO","tag":"ClipboardSessionManager","msg":"Session state transitioned","data":{"sessionId":"ff2a5712-cd5d-4f0d-8fa4-e17e0789aeb3","from":"SESSION_ACTIVE","event":"JsonCopied","to":"AWAITING_PASTE"}}
{"t":"2026-07-04T23:33:35.724","s":"s-070eda13","lvl":"INFO","tag":"ClipboardSessionManager","msg":"Session state transitioned","data":{"sessionId":"ff2a5712-cd5d-4f0d-8fa4-e17e0789aeb3","from":"AWAITING_PASTE","event":"ResponsePasted","to":"SESSION_ACTIVE"}}
{"t":"2026-07-04T23:33:35.913","s":"s-070eda13","lvl":"INFO","tag":"ClipboardSessionManager","msg":"Session state transitioned","data":{"sessionId":"ff2a5712-cd5d-4f0d-8fa4-e17e0789aeb3","from":"SESSION_ACTIVE","event":"JsonCopied","to":"AWAITING_PASTE"}}
{"t":"2026-07-04T23:38:16.693","s":"s-070eda13","lvl":"INFO","tag":"ClipboardSessionManager","msg":"Session state transitioned","data":{"sessionId":"ff2a5712-cd5d-4f0d-8fa4-e17e0789aeb3","from":"AWAITING_PASTE","event":"ForceActivate","to":"SESSION_ACTIVE"}}
{"t":"2026-07-04T23:39:14.810","s":"s-070eda13","lvl":"INFO","tag":"ClipboardSessionManager","msg":"Session state transitioned","data":{"sessionId":"ff2a5712-cd5d-4f0d-8fa4-e17e0789aeb3","from":"SESSION_ACTIVE","event":"JsonCopied","to":"AWAITING_PASTE"}}
{"t":"2026-07-04T23:39:29.037","s":"s-070eda13","lvl":"DEBUG","tag":"ClipboardSessionManager","msg":"No-op transition (target equals current)","data":{"sessionId":"ff2a5712-cd5d-4f0d-8fa4-e17e0789aeb3","status":"AWAITING_PASTE","event":"JsonCopied"}}
{"t":"2026-07-04T23:42:10.748","s":"s-070eda13","lvl":"INFO","tag":"ClipboardSessionManager","msg":"Session state transitioned","data":{"sessionId":"ff2a5712-cd5d-4f0d-8fa4-e17e0789aeb3","from":"AWAITING_PASTE","event":"ResponsePasted","to":"SESSION_ACTIVE"}}
{"t":"2026-07-04T23:42:10.914","s":"s-070eda13","lvl":"INFO","tag":"ClipboardSessionManager","msg":"Session state transitioned","data":{"sessionId":"ff2a5712-cd5d-4f0d-8fa4-e17e0789aeb3","from":"SESSION_ACTIVE","event":"JsonCopied","to":"AWAITING_PASTE"}}
{"t":"2026-07-04T23:52:06.255","s":"s-070eda13","lvl":"INFO","tag":"ClipboardSessionManager","msg":"Session state transitioned","data":{"sessionId":"ff2a5712-cd5d-4f0d-8fa4-e17e0789aeb3","from":"AWAITING_PASTE","event":"ResponsePasted","to":"SESSION_ACTIVE"}}
{"t":"2026-07-04T23:52:06.266","s":"s-070eda13","lvl":"INFO","tag":"ClipboardSessionManager","msg":"Session state transitioned","data":{"sessionId":"ff2a5712-cd5d-4f0d-8fa4-e17e0789aeb3","from":"SESSION_ACTIVE","event":"JsonCopied","to":"AWAITING_PASTE"}}
{"t":"2026-07-05T10:59:16.086","s":"s-070eda13","lvl":"DEBUG","tag":"ClipboardSessionManager","msg":"No-op transition (target equals current)","data":{"sessionId":"ff2a5712-cd5d-4f0d-8fa4-e17e0789aeb3","status":"AWAITING_PASTE","event":"JsonCopied"}}
{"t":"2026-07-05T11:13:29.742","s":"s-070eda13","lvl":"INFO","tag":"ClipboardSessionManager","msg":"Session state transitioned","data":{"sessionId":"ff2a5712-cd5d-4f0d-8fa4-e17e0789aeb3","from":"AWAITING_PASTE","event":"ForceActivate","to":"SESSION_ACTIVE"}}
{"t":"2026-07-05T11:14:14.822","s":"s-070eda13","lvl":"INFO","tag":"ClipboardSessionManager","msg":"Session state transitioned","data":{"sessionId":"ff2a5712-cd5d-4f0d-8fa4-e17e0789aeb3","from":"SESSION_ACTIVE","event":"JsonCopied","to":"AWAITING_PASTE"}}
{"t":"2026-07-05T11:19:12.267","s":"s-070eda13","lvl":"INFO","tag":"ClipboardSessionManager","msg":"Session state transitioned","data":{"sessionId":"ff2a5712-cd5d-4f0d-8fa4-e17e0789aeb3","from":"AWAITING_PASTE","event":"ForceActivate","to":"SESSION_ACTIVE"}}
{"t":"2026-07-05T11:20:30.673","s":"s-070eda13","lvl":"INFO","tag":"ClipboardSessionManager","msg":"Session state transitioned","data":{"sessionId":"ff2a5712-cd5d-4f0d-8fa4-e17e0789aeb3","from":"SESSION_ACTIVE","event":"JsonCopied","to":"AWAITING_PASTE"}}
{"t":"2026-07-05T11:24:33.693","s":"s-070eda13","lvl":"INFO","tag":"ClipboardSessionManager","msg":"Session state transitioned","data":{"sessionId":"ff2a5712-cd5d-4f0d-8fa4-e17e0789aeb3","from":"AWAITING_PASTE","event":"ResponsePasted","to":"SESSION_ACTIVE"}}
{"t":"2026-07-05T11:24:59.780","s":"s-070eda13","lvl":"INFO","tag":"ClipboardSessionManager","msg":"Session state transitioned","data":{"sessionId":"5a5ad5a8-fdac-4ebb-9c0e-8cd30c18cde1","from":"IDLE","event":"StartSession","to":"SESSION_ACTIVE"}}
{"t":"2026-07-05T11:24:59.936","s":"s-070eda13","lvl":"INFO","tag":"ClipboardSessionManager","msg":"Session state transitioned","data":{"sessionId":"5a5ad5a8-fdac-4ebb-9c0e-8cd30c18cde1","from":"SESSION_ACTIVE","event":"JsonCopied","to":"AWAITING_PASTE"}}
{"t":"2026-07-05T11:28:48.849","s":"s-070eda13","lvl":"INFO","tag":"ClipboardSessionManager","msg":"Session state transitioned","data":{"sessionId":"5a5ad5a8-fdac-4ebb-9c0e-8cd30c18cde1","from":"AWAITING_PASTE","event":"ResponsePasted","to":"SESSION_ACTIVE"}}
{"t":"2026-07-05T11:28:49.697","s":"s-070eda13","lvl":"INFO","tag":"ClipboardSessionManager","msg":"Session state transitioned","data":{"sessionId":"5a5ad5a8-fdac-4ebb-9c0e-8cd30c18cde1","from":"SESSION_ACTIVE","event":"JsonCopied","to":"AWAITING_PASTE"}}
{"t":"2026-07-05T11:38:55.646","s":"s-070eda13","lvl":"INFO","tag":"ClipboardSessionManager","msg":"Session state transitioned","data":{"sessionId":"5a5ad5a8-fdac-4ebb-9c0e-8cd30c18cde1","from":"AWAITING_PASTE","event":"ResponsePasted","to":"SESSION_ACTIVE"}}
{"t":"2026-07-05T11:38:57.051","s":"s-070eda13","lvl":"INFO","tag":"ClipboardSessionManager","msg":"Session state transitioned","data":{"sessionId":"5a5ad5a8-fdac-4ebb-9c0e-8cd30c18cde1","from":"SESSION_ACTIVE","event":"JsonCopied","to":"AWAITING_PASTE"}}
{"t":"2026-07-05T11:45:08.232","s":"s-070eda13","lvl":"INFO","tag":"ClipboardSessionManager","msg":"Session state transitioned","data":{"sessionId":"5a5ad5a8-fdac-4ebb-9c0e-8cd30c18cde1","from":"AWAITING_PASTE","event":"ResponsePasted","to":"SESSION_ACTIVE"}}
{"t":"2026-07-05T11:45:09.244","s":"s-070eda13","lvl":"INFO","tag":"ClipboardSessionManager","msg":"Session state transitioned","data":{"sessionId":"5a5ad5a8-fdac-4ebb-9c0e-8cd30c18cde1","from":"SESSION_ACTIVE","event":"JsonCopied","to":"AWAITING_PASTE"}}
{"t":"2026-07-05T11:47:40.094","s":"s-070eda13","lvl":"INFO","tag":"ClipboardSessionManager","msg":"Session state transitioned","data":{"sessionId":"5a5ad5a8-fdac-4ebb-9c0e-8cd30c18cde1","from":"AWAITING_PASTE","event":"ResponsePasted","to":"SESSION_ACTIVE"}}
{"t":"2026-07-05T11:48:23.516","s":"s-070eda13","lvl":"INFO","tag":"ClipboardSessionManager","msg":"Session state transitioned","data":{"sessionId":"5a5ad5a8-fdac-4ebb-9c0e-8cd30c18cde1","from":"SESSION_ACTIVE","event":"JsonCopied","to":"AWAITING_PASTE"}}
{"t":"2026-07-05T11:49:39.581","s":"s-070eda13","lvl":"INFO","tag":"ClipboardSessionManager","msg":"Session state transitioned","data":{"sessionId":"5a5ad5a8-fdac-4ebb-9c0e-8cd30c18cde1","from":"AWAITING_PASTE","event":"ResponsePasted","to":"SESSION_ACTIVE"}}
{"t":"2026-07-05T11:49:39.590","s":"s-070eda13","lvl":"INFO","tag":"ClipboardSessionManager","msg":"Session state transitioned","data":{"sessionId":"5a5ad5a8-fdac-4ebb-9c0e-8cd30c18cde1","from":"SESSION_ACTIVE","event":"JsonCopied","to":"AWAITING_PASTE"}}
{"t":"2026-07-05T11:53:35.776","s":"s-070eda13","lvl":"INFO","tag":"ClipboardSessionManager","msg":"Session state transitioned","data":{"sessionId":"5a5ad5a8-fdac-4ebb-9c0e-8cd30c18cde1","from":"AWAITING_PASTE","event":"ResponsePasted","to":"SESSION_ACTIVE"}}
{"t":"2026-07-05T11:56:24.795","s":"s-070eda13","lvl":"INFO","tag":"ClipboardSessionManager","msg":"Session state transitioned","data":{"sessionId":"5a5ad5a8-fdac-4ebb-9c0e-8cd30c18cde1","from":"SESSION_ACTIVE","event":"JsonCopied","to":"AWAITING_PASTE"}}
{"t":"2026-07-05T11:58:44.853","s":"s-070eda13","lvl":"INFO","tag":"ClipboardSessionManager","msg":"Session state transitioned","data":{"sessionId":"5a5ad5a8-fdac-4ebb-9c0e-8cd30c18cde1","from":"AWAITING_PASTE","event":"ResponsePasted","to":"SESSION_ACTIVE"}}
{"t":"2026-07-05T11:59:40.958","s":"s-070eda13","lvl":"INFO","tag":"ClipboardSessionManager","msg":"Session state transitioned","data":{"sessionId":"5a5ad5a8-fdac-4ebb-9c0e-8cd30c18cde1","from":"SESSION_ACTIVE","event":"JsonCopied","to":"AWAITING_PASTE"}}
{"t":"2026-07-05T12:01:38.607","s":"s-070eda13","lvl":"INFO","tag":"ClipboardSessionManager","msg":"Session state transitioned","data":{"sessionId":"5a5ad5a8-fdac-4ebb-9c0e-8cd30c18cde1","from":"AWAITING_PASTE","event":"ResponsePasted","to":"SESSION_ACTIVE"}}
{"t":"2026-07-05T12:09:18.260","s":"s-070eda13","lvl":"INFO","tag":"ClipboardSessionManager","msg":"Session state transitioned","data":{"sessionId":"5a5ad5a8-fdac-4ebb-9c0e-8cd30c18cde1","from":"SESSION_ACTIVE","event":"JsonCopied","to":"AWAITING_PASTE"}}
{"t":"2026-07-05T12:09:28.394","s":"s-070eda13","lvl":"INFO","tag":"ClipboardSessionManager","msg":"Session state transitioned","data":{"sessionId":"5a5ad5a8-fdac-4ebb-9c0e-8cd30c18cde1","from":"AWAITING_PASTE","event":"ForceActivate","to":"SESSION_ACTIVE"}}
{"t":"2026-07-05T12:09:29.556","s":"s-070eda13","lvl":"INFO","tag":"ClipboardSessionManager","msg":"Session state transitioned","data":{"sessionId":"5a5ad5a8-fdac-4ebb-9c0e-8cd30c18cde1","from":"SESSION_ACTIVE","event":"ForceAwaitPaste","to":"AWAITING_PASTE"}}
{"t":"2026-07-05T12:09:32.101","s":"s-070eda13","lvl":"INFO","tag":"ClipboardSessionManager","msg":"Session state transitioned","data":{"sessionId":"5a5ad5a8-fdac-4ebb-9c0e-8cd30c18cde1","from":"AWAITING_PASTE","event":"ResponsePasted","to":"SESSION_ACTIVE"}}
{"t":"2026-07-05T12:09:37.798","s":"s-070eda13","lvl":"INFO","tag":"ClipboardSessionManager","msg":"Session state transitioned","data":{"sessionId":"5a5ad5a8-fdac-4ebb-9c0e-8cd30c18cde1","from":"SESSION_ACTIVE","event":"ForceAwaitPaste","to":"AWAITING_PASTE"}}
{"t":"2026-07-05T12:09:44.982","s":"s-070eda13","lvl":"INFO","tag":"ClipboardSessionManager","msg":"Session state transitioned","data":{"sessionId":"5a5ad5a8-fdac-4ebb-9c0e-8cd30c18cde1","from":"AWAITING_PASTE","event":"ResponsePasted","to":"SESSION_ACTIVE"}}
{"t":"2026-07-05T12:09:44.989","s":"s-070eda13","lvl":"INFO","tag":"ClipboardSessionManager","msg":"Session state transitioned","data":{"sessionId":"5a5ad5a8-fdac-4ebb-9c0e-8cd30c18cde1","from":"SESSION_ACTIVE","event":"JsonCopied","to":"AWAITING_PASTE"}}
{"t":"2026-07-05T12:14:17.561","s":"s-070eda13","lvl":"INFO","tag":"ClipboardSessionManager","msg":"Session state transitioned","data":{"sessionId":"5a5ad5a8-fdac-4ebb-9c0e-8cd30c18cde1","from":"AWAITING_PASTE","event":"ResponsePasted","to":"SESSION_ACTIVE"}}
{"t":"2026-07-05T12:14:17.570","s":"s-070eda13","lvl":"INFO","tag":"ClipboardSessionManager","msg":"Session state transitioned","data":{"sessionId":"5a5ad5a8-fdac-4ebb-9c0e-8cd30c18cde1","from":"SESSION_ACTIVE","event":"JsonCopied","to":"AWAITING_PASTE"}}
{"t":"2026-07-05T12:17:50.712","s":"s-070eda13","lvl":"INFO","tag":"ClipboardSessionManager","msg":"Session state transitioned","data":{"sessionId":"5a5ad5a8-fdac-4ebb-9c0e-8cd30c18cde1","from":"AWAITING_PASTE","event":"ResponsePasted","to":"SESSION_ACTIVE"}}
{"t":"2026-07-05T12:19:02.746","s":"s-070eda13","lvl":"INFO","tag":"ClipboardSessionManager","msg":"Session state transitioned","data":{"sessionId":"5a5ad5a8-fdac-4ebb-9c0e-8cd30c18cde1","from":"SESSION_ACTIVE","event":"JsonCopied","to":"AWAITING_PASTE"}}
{"t":"2026-07-05T12:21:16.185","s":"s-070eda13","lvl":"INFO","tag":"ClipboardSessionManager","msg":"Session state transitioned","data":{"sessionId":"5a5ad5a8-fdac-4ebb-9c0e-8cd30c18cde1","from":"AWAITING_PASTE","event":"ResponsePasted","to":"SESSION_ACTIVE"}}
{"t":"2026-07-05T12:37:06.201","s":"s-070eda13","lvl":"INFO","tag":"ClipboardSessionManager","msg":"Session state transitioned","data":{"sessionId":"5a5ad5a8-fdac-4ebb-9c0e-8cd30c18cde1","from":"SESSION_ACTIVE","event":"JsonCopied","to":"AWAITING_PASTE"}}
{"t":"2026-07-05T12:37:14.273","s":"s-070eda13","lvl":"INFO","tag":"ClipboardSessionManager","msg":"Session state transitioned","data":{"sessionId":"5a5ad5a8-fdac-4ebb-9c0e-8cd30c18cde1","from":"AWAITING_PASTE","event":"ResponsePasted","to":"SESSION_ACTIVE"}}
{"t":"2026-07-05T12:39:15.691","s":"s-070eda13","lvl":"INFO","tag":"ClipboardSessionManager","msg":"Session state transitioned","data":{"sessionId":"5a5ad5a8-fdac-4ebb-9c0e-8cd30c18cde1","from":"SESSION_ACTIVE","event":"JsonCopied","to":"AWAITING_PASTE"}}
{"t":"2026-07-05T12:43:50.759","s":"s-070eda13","lvl":"INFO","tag":"ClipboardSessionManager","msg":"Session state transitioned","data":{"sessionId":"5a5ad5a8-fdac-4ebb-9c0e-8cd30c18cde1","from":"AWAITING_PASTE","event":"ResponsePasted","to":"SESSION_ACTIVE"}}
{"t":"2026-07-05T16:02:59.715","s":"s-070eda13","lvl":"INFO","tag":"ClipboardSessionManager","msg":"Session state transitioned","data":{"sessionId":"5a5ad5a8-fdac-4ebb-9c0e-8cd30c18cde1","from":"SESSION_ACTIVE","event":"JsonCopied","to":"AWAITING_PASTE"}}
{"t":"2026-07-05T16:06:42.242","s":"s-070eda13","lvl":"INFO","tag":"ClipboardSessionManager","msg":"Session state transitioned","data":{"sessionId":"5a5ad5a8-fdac-4ebb-9c0e-8cd30c18cde1","from":"AWAITING_PASTE","event":"ResponsePasted","to":"SESSION_ACTIVE"}}
{"t":"2026-07-05T16:10:45.682","s":"s-070eda13","lvl":"INFO","tag":"ClipboardSessionManager","msg":"Session state transitioned","data":{"sessionId":"5a5ad5a8-fdac-4ebb-9c0e-8cd30c18cde1","from":"SESSION_ACTIVE","event":"JsonCopied","to":"AWAITING_PASTE"}}
{"t":"2026-07-05T16:13:45.308","s":"s-070eda13","lvl":"INFO","tag":"ClipboardSessionManager","msg":"Session state transitioned","data":{"sessionId":"5a5ad5a8-fdac-4ebb-9c0e-8cd30c18cde1","from":"AWAITING_PASTE","event":"ResponsePasted","to":"SESSION_ACTIVE"}}
{"t":"2026-07-05T16:39:52.864","s":"s-070eda13","lvl":"INFO","tag":"ClipboardSessionManager","msg":"Session state transitioned","data":{"sessionId":"5a5ad5a8-fdac-4ebb-9c0e-8cd30c18cde1","from":"SESSION_ACTIVE","event":"JsonCopied","to":"AWAITING_PASTE"}}
{"t":"2026-07-05T16:42:26.790","s":"s-070eda13","lvl":"INFO","tag":"ClipboardSessionManager","msg":"Session state transitioned","data":{"sessionId":"5a5ad5a8-fdac-4ebb-9c0e-8cd30c18cde1","from":"AWAITING_PASTE","event":"ResponsePasted","to":"SESSION_ACTIVE"}}
{"t":"2026-07-05T16:42:26.800","s":"s-070eda13","lvl":"INFO","tag":"ClipboardSessionManager","msg":"Session state transitioned","data":{"sessionId":"5a5ad5a8-fdac-4ebb-9c0e-8cd30c18cde1","from":"SESSION_ACTIVE","event":"JsonCopied","to":"AWAITING_PASTE"}}
{"t":"2026-07-05T16:45:58.742","s":"s-070eda13","lvl":"INFO","tag":"ClipboardSessionManager","msg":"Session state transitioned","data":{"sessionId":"5a5ad5a8-fdac-4ebb-9c0e-8cd30c18cde1","from":"AWAITING_PASTE","event":"ResponsePasted","to":"SESSION_ACTIVE"}}
{"t":"2026-07-05T16:58:23.967","s":"s-070eda13","lvl":"INFO","tag":"ClipboardSessionManager","msg":"Session state transitioned","data":{"sessionId":"71565819-b9ec-4e12-832b-f9a955c4fe77","from":"IDLE","event":"StartSession","to":"SESSION_ACTIVE"}}
{"t":"2026-07-05T16:58:24.143","s":"s-070eda13","lvl":"INFO","tag":"ClipboardSessionManager","msg":"Session state transitioned","data":{"sessionId":"71565819-b9ec-4e12-832b-f9a955c4fe77","from":"SESSION_ACTIVE","event":"JsonCopied","to":"AWAITING_PASTE"}}
{"t":"2026-07-05T16:59:35.516","s":"s-070eda13","lvl":"DEBUG","tag":"ClipboardSessionManager","msg":"No-op transition (target equals current)","data":{"sessionId":"71565819-b9ec-4e12-832b-f9a955c4fe77","status":"AWAITING_PASTE","event":"JsonCopied"}}
{"t":"2026-07-05T17:01:17.357","s":"s-070eda13","lvl":"INFO","tag":"ClipboardSessionManager","msg":"Session state transitioned","data":{"sessionId":"dddc424a-c106-4347-a3ea-5718c96bdbe6","from":"IDLE","event":"StartSession","to":"SESSION_ACTIVE"}}
{"t":"2026-07-05T17:01:17.540","s":"s-070eda13","lvl":"INFO","tag":"ClipboardSessionManager","msg":"Session state transitioned","data":{"sessionId":"dddc424a-c106-4347-a3ea-5718c96bdbe6","from":"SESSION_ACTIVE","event":"JsonCopied","to":"AWAITING_PASTE"}}
{"t":"2026-07-05T17:05:51.100","s":"s-070eda13","lvl":"INFO","tag":"ClipboardSessionManager","msg":"Session state transitioned","data":{"sessionId":"dddc424a-c106-4347-a3ea-5718c96bdbe6","from":"AWAITING_PASTE","event":"ResponsePasted","to":"SESSION_ACTIVE"}}
{"t":"2026-07-05T17:05:51.282","s":"s-070eda13","lvl":"INFO","tag":"ClipboardSessionManager","msg":"Session state transitioned","data":{"sessionId":"dddc424a-c106-4347-a3ea-5718c96bdbe6","from":"SESSION_ACTIVE","event":"JsonCopied","to":"AWAITING_PASTE"}}
{"t":"2026-07-05T17:13:06.841","s":"s-070eda13","lvl":"INFO","tag":"ClipboardSessionManager","msg":"Session state transitioned","data":{"sessionId":"dddc424a-c106-4347-a3ea-5718c96bdbe6","from":"AWAITING_PASTE","event":"ResponsePasted","to":"SESSION_ACTIVE"}}
{"t":"2026-07-05T17:16:07.041","s":"s-070eda13","lvl":"INFO","tag":"ClipboardSessionManager","msg":"Session state transitioned","data":{"sessionId":"dddc424a-c106-4347-a3ea-5718c96bdbe6","from":"SESSION_ACTIVE","event":"JsonCopied","to":"AWAITING_PASTE"}}
{"t":"2026-07-05T17:16:16.334","s":"s-070eda13","lvl":"DEBUG","tag":"ClipboardSessionManager","msg":"No-op transition (target equals current)","data":{"sessionId":"dddc424a-c106-4347-a3ea-5718c96bdbe6","status":"AWAITING_PASTE","event":"JsonCopied"}}
{"t":"2026-07-05T17:19:32.353","s":"s-070eda13","lvl":"INFO","tag":"ClipboardSessionManager","msg":"Session state transitioned","data":{"sessionId":"dddc424a-c106-4347-a3ea-5718c96bdbe6","from":"AWAITING_PASTE","event":"ResponsePasted","to":"SESSION_ACTIVE"}}
{"t":"2026-07-05T17:21:34.524","s":"s-070eda13","lvl":"INFO","tag":"ClipboardSessionManager","msg":"Session state transitioned","data":{"sessionId":"dddc424a-c106-4347-a3ea-5718c96bdbe6","from":"SESSION_ACTIVE","event":"JsonCopied","to":"AWAITING_PASTE"}}
{"t":"2026-07-05T17:25:34.418","s":"s-070eda13","lvl":"INFO","tag":"ClipboardSessionManager","msg":"Session state transitioned","data":{"sessionId":"dddc424a-c106-4347-a3ea-5718c96bdbe6","from":"AWAITING_PASTE","event":"ResponsePasted","to":"SESSION_ACTIVE"}}
{"t":"2026-07-05T17:25:59.294","s":"s-070eda13","lvl":"INFO","tag":"ClipboardSessionManager","msg":"Session state transitioned","data":{"sessionId":"e786161e-5c6e-470a-8eab-50ac17dd4e0e","from":"IDLE","event":"StartSession","to":"SESSION_ACTIVE"}}
{"t":"2026-07-05T17:25:59.487","s":"s-070eda13","lvl":"INFO","tag":"ClipboardSessionManager","msg":"Session state transitioned","data":{"sessionId":"e786161e-5c6e-470a-8eab-50ac17dd4e0e","from":"SESSION_ACTIVE","event":"JsonCopied","to":"AWAITING_PASTE"}}
{"t":"2026-07-05T17:29:25.410","s":"s-070eda13","lvl":"INFO","tag":"ClipboardSessionManager","msg":"Session state transitioned","data":{"sessionId":"e786161e-5c6e-470a-8eab-50ac17dd4e0e","from":"AWAITING_PASTE","event":"ResponsePasted","to":"SESSION_ACTIVE"}}
{"t":"2026-07-05T17:29:25.630","s":"s-070eda13","lvl":"INFO","tag":"ClipboardSessionManager","msg":"Session state transitioned","data":{"sessionId":"e786161e-5c6e-470a-8eab-50ac17dd4e0e","from":"SESSION_ACTIVE","event":"JsonCopied","to":"AWAITING_PASTE"}}
{"t":"2026-07-05T17:34:18.839","s":"s-070eda13","lvl":"INFO","tag":"ClipboardSessionManager","msg":"Session state transitioned","data":{"sessionId":"e786161e-5c6e-470a-8eab-50ac17dd4e0e","from":"AWAITING_PASTE","event":"ResponsePasted","to":"SESSION_ACTIVE"}}
{"t":"2026-07-05T17:34:18.849","s":"s-070eda13","lvl":"INFO","tag":"ClipboardSessionManager","msg":"Session state transitioned","data":{"sessionId":"e786161e-5c6e-470a-8eab-50ac17dd4e0e","from":"SESSION_ACTIVE","event":"JsonCopied","to":"AWAITING_PASTE"}}
{"t":"2026-07-05T17:37:41.992","s":"s-070eda13","lvl":"INFO","tag":"ClipboardSessionManager","msg":"Session state transitioned","data":{"sessionId":"e786161e-5c6e-470a-8eab-50ac17dd4e0e","from":"AWAITING_PASTE","event":"ResponsePasted","to":"SESSION_ACTIVE"}}
{"t":"2026-07-05T17:38:38.469","s":"s-070eda13","lvl":"INFO","tag":"ClipboardSessionManager","msg":"Session state transitioned","data":{"sessionId":"e786161e-5c6e-470a-8eab-50ac17dd4e0e","from":"SESSION_ACTIVE","event":"JsonCopied","to":"AWAITING_PASTE"}}
{"t":"2026-07-05T17:41:59.411","s":"s-070eda13","lvl":"INFO","tag":"ClipboardSessionManager","msg":"Session state transitioned","data":{"sessionId":"e786161e-5c6e-470a-8eab-50ac17dd4e0e","from":"AWAITING_PASTE","event":"ResponsePasted","to":"SESSION_ACTIVE"}}
{"t":"2026-07-05T17:47:25.566","s":"s-070eda13","lvl":"INFO","tag":"ClipboardSessionManager","msg":"Session state transitioned","data":{"sessionId":"e786161e-5c6e-470a-8eab-50ac17dd4e0e","from":"SESSION_ACTIVE","event":"JsonCopied","to":"AWAITING_PASTE"}}
{"t":"2026-07-05T17:55:08.574","s":"s-070eda13","lvl":"INFO","tag":"ClipboardSessionManager","msg":"Session state transitioned","data":{"sessionId":"e786161e-5c6e-470a-8eab-50ac17dd4e0e","from":"AWAITING_PASTE","event":"ResponsePasted","to":"SESSION_ACTIVE"}}
{"t":"2026-07-05T17:56:53.998","s":"s-070eda13","lvl":"INFO","tag":"ClipboardSessionManager","msg":"Session state transitioned","data":{"sessionId":"e786161e-5c6e-470a-8eab-50ac17dd4e0e","from":"SESSION_ACTIVE","event":"JsonCopied","to":"AWAITING_PASTE"}}
{"t":"2026-07-05T17:57:02.456","s":"s-070eda13","lvl":"INFO","tag":"ClipboardSessionManager","msg":"Session state transitioned","data":{"sessionId":"e786161e-5c6e-470a-8eab-50ac17dd4e0e","from":"AWAITING_PASTE","event":"ResponsePasted","to":"SESSION_ACTIVE"}}
{"t":"2026-07-05T17:58:01.967","s":"s-070eda13","lvl":"INFO","tag":"ClipboardSessionManager","msg":"Session state transitioned","data":{"sessionId":"e786161e-5c6e-470a-8eab-50ac17dd4e0e","from":"SESSION_ACTIVE","event":"JsonCopied","to":"AWAITING_PASTE"}}
{"t":"2026-07-05T18:01:02.433","s":"s-070eda13","lvl":"INFO","tag":"ClipboardSessionManager","msg":"Session state transitioned","data":{"sessionId":"e786161e-5c6e-470a-8eab-50ac17dd4e0e","from":"AWAITING_PASTE","event":"ResponsePasted","to":"SESSION_ACTIVE"}}
{"t":"2026-07-05T18:03:27.119","s":"s-070eda13","lvl":"INFO","tag":"ClipboardSessionManager","msg":"Session state transitioned","data":{"sessionId":"4a8802c0-70bd-454b-bc92-35d20ed2ad8b","from":"IDLE","event":"StartSession","to":"SESSION_ACTIVE"}}
{"t":"2026-07-05T18:03:27.310","s":"s-070eda13","lvl":"INFO","tag":"ClipboardSessionManager","msg":"Session state transitioned","data":{"sessionId":"4a8802c0-70bd-454b-bc92-35d20ed2ad8b","from":"SESSION_ACTIVE","event":"JsonCopied","to":"AWAITING_PASTE"}}
{"t":"2026-07-05T18:09:30.060","s":"s-070eda13","lvl":"INFO","tag":"ClipboardSessionManager","msg":"Session state transitioned","data":{"sessionId":"d4b06e51-62ba-4ad4-bab8-c44073e2690b","from":"IDLE","event":"StartSession","to":"SESSION_ACTIVE"}}
{"t":"2026-07-05T18:09:30.189","s":"s-070eda13","lvl":"INFO","tag":"ClipboardSessionManager","msg":"Session state transitioned","data":{"sessionId":"d4b06e51-62ba-4ad4-bab8-c44073e2690b","from":"SESSION_ACTIVE","event":"JsonCopied","to":"AWAITING_PASTE"}}
{"t":"2026-07-05T18:15:45.928","s":"s-070eda13","lvl":"DEBUG","tag":"ClipboardSessionManager","msg":"No-op transition (target equals current)","data":{"sessionId":"d4b06e51-62ba-4ad4-bab8-c44073e2690b","status":"AWAITING_PASTE","event":"JsonCopied"}}
{"t":"2026-07-06T19:25:12.128","s":"s-3b5fe8f4","lvl":"SESSION","tag":"ProjectLogger","msg":"START","data":{"project":"MaxVibes","ideVersion":"2023.3.3","os":"Windows 11 10.0"}}
{"t":"2026-07-06T19:25:12.181","s":"s-3b5fe8f4","lvl":"INFO","tag":"ClipboardSessionManager","msg":"Session state transitioned","data":{"sessionId":"84eee73b-5c52-403a-b50e-221d39df0efc","from":"IDLE","event":"StartSession","to":"SESSION_ACTIVE"}}
{"t":"2026-07-06T19:25:12.591","s":"s-3b5fe8f4","lvl":"INFO","tag":"ClipboardSessionManager","msg":"Session state transitioned","data":{"sessionId":"84eee73b-5c52-403a-b50e-221d39df0efc","from":"SESSION_ACTIVE","event":"JsonCopied","to":"AWAITING_PASTE"}}
{"t":"2026-07-06T19:28:39.956","s":"s-3b5fe8f4","lvl":"INFO","tag":"ClipboardSessionManager","msg":"Session state transitioned","data":{"sessionId":"84eee73b-5c52-403a-b50e-221d39df0efc","from":"AWAITING_PASTE","event":"ResponsePasted","to":"SESSION_ACTIVE"}}
{"t":"2026-07-06T19:28:40.313","s":"s-3b5fe8f4","lvl":"INFO","tag":"ClipboardSessionManager","msg":"Session state transitioned","data":{"sessionId":"84eee73b-5c52-403a-b50e-221d39df0efc","from":"SESSION_ACTIVE","event":"JsonCopied","to":"AWAITING_PASTE"}}
{"t":"2026-07-06T19:53:36.481","s":"s-3b5fe8f4","lvl":"INFO","tag":"ClipboardSessionManager","msg":"Session state transitioned","data":{"sessionId":"84eee73b-5c52-403a-b50e-221d39df0efc","from":"AWAITING_PASTE","event":"ResponsePasted","to":"SESSION_ACTIVE"}}
{"t":"2026-07-06T20:02:09.958","s":"s-3b5fe8f4","lvl":"INFO","tag":"ClipboardSessionManager","msg":"Session state transitioned","data":{"sessionId":"84eee73b-5c52-403a-b50e-221d39df0efc","from":"SESSION_ACTIVE","event":"JsonCopied","to":"AWAITING_PASTE"}}
{"t":"2026-07-06T20:10:17.713","s":"s-3b5fe8f4","lvl":"INFO","tag":"ClipboardSessionManager","msg":"Session state transitioned","data":{"sessionId":"84eee73b-5c52-403a-b50e-221d39df0efc","from":"AWAITING_PASTE","event":"ResponsePasted","to":"SESSION_ACTIVE"}}
{"t":"2026-07-06T20:44:35.395","s":"s-3b5fe8f4","lvl":"INFO","tag":"ClipboardSessionManager","msg":"Session state transitioned","data":{"sessionId":"84eee73b-5c52-403a-b50e-221d39df0efc","from":"SESSION_ACTIVE","event":"JsonCopied","to":"AWAITING_PASTE"}}
{"t":"2026-07-06T20:47:32.625","s":"s-3b5fe8f4","lvl":"INFO","tag":"ClipboardSessionManager","msg":"Session state transitioned","data":{"sessionId":"84eee73b-5c52-403a-b50e-221d39df0efc","from":"AWAITING_PASTE","event":"ResponsePasted","to":"SESSION_ACTIVE"}}
{"t":"2026-07-06T20:47:32.971","s":"s-3b5fe8f4","lvl":"INFO","tag":"ClipboardSessionManager","msg":"Session state transitioned","data":{"sessionId":"84eee73b-5c52-403a-b50e-221d39df0efc","from":"SESSION_ACTIVE","event":"JsonCopied","to":"AWAITING_PASTE"}}
{"t":"2026-07-06T21:01:01.468","s":"s-3b5fe8f4","lvl":"INFO","tag":"ClipboardSessionManager","msg":"Session state transitioned","data":{"sessionId":"84eee73b-5c52-403a-b50e-221d39df0efc","from":"AWAITING_PASTE","event":"ResponsePasted","to":"SESSION_ACTIVE"}}
{"t":"2026-07-06T21:01:32.146","s":"s-3b5fe8f4","lvl":"INFO","tag":"ClipboardSessionManager","msg":"Session state transitioned","data":{"sessionId":"84eee73b-5c52-403a-b50e-221d39df0efc","from":"SESSION_ACTIVE","event":"JsonCopied","to":"AWAITING_PASTE"}}
{"t":"2026-07-06T21:03:28.364","s":"s-3b5fe8f4","lvl":"INFO","tag":"ClipboardSessionManager","msg":"Session state transitioned","data":{"sessionId":"84eee73b-5c52-403a-b50e-221d39df0efc","from":"AWAITING_PASTE","event":"ResponsePasted","to":"SESSION_ACTIVE"}}
{"t":"2026-07-06T21:22:09.877","s":"s-3b5fe8f4","lvl":"INFO","tag":"ClipboardSessionManager","msg":"Session state transitioned","data":{"sessionId":"84eee73b-5c52-403a-b50e-221d39df0efc","from":"SESSION_ACTIVE","event":"JsonCopied","to":"AWAITING_PASTE"}}
{"t":"2026-07-06T21:33:34.125","s":"s-3b5fe8f4","lvl":"INFO","tag":"ClipboardSessionManager","msg":"Session state transitioned","data":{"sessionId":"84eee73b-5c52-403a-b50e-221d39df0efc","from":"AWAITING_PASTE","event":"ResponsePasted","to":"SESSION_ACTIVE"}}
{"t":"2026-07-06T21:33:34.133","s":"s-3b5fe8f4","lvl":"INFO","tag":"ClipboardSessionManager","msg":"Session state transitioned","data":{"sessionId":"84eee73b-5c52-403a-b50e-221d39df0efc","from":"SESSION_ACTIVE","event":"JsonCopied","to":"AWAITING_PASTE"}}
{"t":"2026-07-06T21:42:45.820","s":"s-3b5fe8f4","lvl":"INFO","tag":"ClipboardSessionManager","msg":"Session state transitioned","data":{"sessionId":"84eee73b-5c52-403a-b50e-221d39df0efc","from":"AWAITING_PASTE","event":"ResponsePasted","to":"SESSION_ACTIVE"}}
{"t":"2026-07-06T21:48:13.597","s":"s-3b5fe8f4","lvl":"INFO","tag":"ClipboardSessionManager","msg":"Session state transitioned","data":{"sessionId":"84eee73b-5c52-403a-b50e-221d39df0efc","from":"SESSION_ACTIVE","event":"ForceAwaitPaste","to":"AWAITING_PASTE"}}
{"t":"2026-07-06T21:48:14.936","s":"s-3b5fe8f4","lvl":"INFO","tag":"ClipboardSessionManager","msg":"Session state transitioned","data":{"sessionId":"84eee73b-5c52-403a-b50e-221d39df0efc","from":"AWAITING_PASTE","event":"ResponsePasted","to":"SESSION_ACTIVE"}}
{"t":"2026-07-06T21:50:35.801","s":"s-3b5fe8f4","lvl":"INFO","tag":"ClipboardSessionManager","msg":"Session state transitioned","data":{"sessionId":"53eb2e5f-edd5-4761-be92-45a53257a642","from":"IDLE","event":"StartSession","to":"SESSION_ACTIVE"}}
{"t":"2026-07-06T21:50:36.027","s":"s-3b5fe8f4","lvl":"INFO","tag":"ClipboardSessionManager","msg":"Session state transitioned","data":{"sessionId":"53eb2e5f-edd5-4761-be92-45a53257a642","from":"SESSION_ACTIVE","event":"JsonCopied","to":"AWAITING_PASTE"}}
{"t":"2026-07-06T21:52:36.353","s":"s-3b5fe8f4","lvl":"INFO","tag":"ClipboardSessionManager","msg":"Session state transitioned","data":{"sessionId":"53eb2e5f-edd5-4761-be92-45a53257a642","from":"AWAITING_PASTE","event":"ResponsePasted","to":"SESSION_ACTIVE"}}
{"t":"2026-07-06T21:52:36.365","s":"s-3b5fe8f4","lvl":"INFO","tag":"ClipboardSessionManager","msg":"Session state transitioned","data":{"sessionId":"53eb2e5f-edd5-4761-be92-45a53257a642","from":"SESSION_ACTIVE","event":"JsonCopied","to":"AWAITING_PASTE"}}
{"t":"2026-07-06T21:57:35.296","s":"s-3b5fe8f4","lvl":"INFO","tag":"ClipboardSessionManager","msg":"Session state transitioned","data":{"sessionId":"53eb2e5f-edd5-4761-be92-45a53257a642","from":"AWAITING_PASTE","event":"ResponsePasted","to":"SESSION_ACTIVE"}}
{"t":"2026-07-06T22:06:25.860","s":"s-3b5fe8f4","lvl":"INFO","tag":"ClipboardSessionManager","msg":"Session state transitioned","data":{"sessionId":"53eb2e5f-edd5-4761-be92-45a53257a642","from":"SESSION_ACTIVE","event":"ForceAwaitPaste","to":"AWAITING_PASTE"}}
{"t":"2026-07-06T22:06:27.080","s":"s-3b5fe8f4","lvl":"INFO","tag":"ClipboardSessionManager","msg":"Session state transitioned","data":{"sessionId":"53eb2e5f-edd5-4761-be92-45a53257a642","from":"AWAITING_PASTE","event":"ResponsePasted","to":"SESSION_ACTIVE"}}
{"t":"2026-07-06T22:08:43.328","s":"s-3b5fe8f4","lvl":"INFO","tag":"ClipboardSessionManager","msg":"Session state transitioned","data":{"sessionId":"53eb2e5f-edd5-4761-be92-45a53257a642","from":"SESSION_ACTIVE","event":"JsonCopied","to":"AWAITING_PASTE"}}
{"t":"2026-07-06T22:09:55.922","s":"s-3b5fe8f4","lvl":"INFO","tag":"ClipboardSessionManager","msg":"Session state transitioned","data":{"sessionId":"53eb2e5f-edd5-4761-be92-45a53257a642","from":"AWAITING_PASTE","event":"ResponsePasted","to":"SESSION_ACTIVE"}}
{"t":"2026-07-07T01:32:06.960","s":"s-3b5fe8f4","lvl":"INFO","tag":"ClipboardSessionManager","msg":"Session state transitioned","data":{"sessionId":"8d5aa4f8-ad43-4fbd-a49d-e99c557b5c7c","from":"IDLE","event":"StartSession","to":"SESSION_ACTIVE"}}
{"t":"2026-07-07T01:32:07.204","s":"s-3b5fe8f4","lvl":"INFO","tag":"ClipboardSessionManager","msg":"Session state transitioned","data":{"sessionId":"8d5aa4f8-ad43-4fbd-a49d-e99c557b5c7c","from":"SESSION_ACTIVE","event":"JsonCopied","to":"AWAITING_PASTE"}}
{"t":"2026-07-07T01:32:38.669","s":"s-3b5fe8f4","lvl":"INFO","tag":"ClipboardSessionManager","msg":"Session state transitioned","data":{"sessionId":"8d5aa4f8-ad43-4fbd-a49d-e99c557b5c7c","from":"AWAITING_PASTE","event":"ResponsePasted","to":"SESSION_ACTIVE"}}
{"t":"2026-07-07T01:32:38.689","s":"s-3b5fe8f4","lvl":"INFO","tag":"ClipboardSessionManager","msg":"Session state transitioned","data":{"sessionId":"8d5aa4f8-ad43-4fbd-a49d-e99c557b5c7c","from":"SESSION_ACTIVE","event":"JsonCopied","to":"AWAITING_PASTE"}}
{"t":"2026-07-07T01:35:11.655","s":"s-3b5fe8f4","lvl":"INFO","tag":"ClipboardSessionManager","msg":"Session state transitioned","data":{"sessionId":"4e94f90b-f670-43c2-b206-a818422fee3c","from":"IDLE","event":"StartSession","to":"SESSION_ACTIVE"}}
{"t":"2026-07-07T01:35:11.932","s":"s-3b5fe8f4","lvl":"INFO","tag":"ClipboardSessionManager","msg":"Session state transitioned","data":{"sessionId":"4e94f90b-f670-43c2-b206-a818422fee3c","from":"SESSION_ACTIVE","event":"JsonCopied","to":"AWAITING_PASTE"}}
{"t":"2026-07-07T01:36:16.707","s":"s-3b5fe8f4","lvl":"INFO","tag":"ClipboardSessionManager","msg":"Session state transitioned","data":{"sessionId":"4e94f90b-f670-43c2-b206-a818422fee3c","from":"AWAITING_PASTE","event":"ResponsePasted","to":"SESSION_ACTIVE"}}
{"t":"2026-07-07T01:36:16.755","s":"s-3b5fe8f4","lvl":"INFO","tag":"ClipboardSessionManager","msg":"Session state transitioned","data":{"sessionId":"4e94f90b-f670-43c2-b206-a818422fee3c","from":"SESSION_ACTIVE","event":"JsonCopied","to":"AWAITING_PASTE"}}
{"t":"2026-07-07T01:40:08.174","s":"s-3b5fe8f4","lvl":"INFO","tag":"ClipboardSessionManager","msg":"Session state transitioned","data":{"sessionId":"4e94f90b-f670-43c2-b206-a818422fee3c","from":"AWAITING_PASTE","event":"ResponsePasted","to":"SESSION_ACTIVE"}}
{"t":"2026-07-07T01:40:41.648","s":"s-3b5fe8f4","lvl":"INFO","tag":"ClipboardSessionManager","msg":"Session state transitioned","data":{"sessionId":"4e94f90b-f670-43c2-b206-a818422fee3c","from":"SESSION_ACTIVE","event":"JsonCopied","to":"AWAITING_PASTE"}}
{"t":"2026-07-07T01:41:33.176","s":"s-3b5fe8f4","lvl":"INFO","tag":"ClipboardSessionManager","msg":"Session state transitioned","data":{"sessionId":"4e94f90b-f670-43c2-b206-a818422fee3c","from":"AWAITING_PASTE","event":"ResponsePasted","to":"SESSION_ACTIVE"}}
{"t":"2026-07-07T01:41:33.198","s":"s-3b5fe8f4","lvl":"INFO","tag":"ClipboardSessionManager","msg":"Session state transitioned","data":{"sessionId":"4e94f90b-f670-43c2-b206-a818422fee3c","from":"SESSION_ACTIVE","event":"JsonCopied","to":"AWAITING_PASTE"}}
{"t":"2026-07-07T01:53:48.287","s":"s-3b5fe8f4","lvl":"INFO","tag":"ClipboardSessionManager","msg":"Session state transitioned","data":{"sessionId":"4e94f90b-f670-43c2-b206-a818422fee3c","from":"AWAITING_PASTE","event":"ResponsePasted","to":"SESSION_ACTIVE"}}
{"t":"2026-07-07T02:00:29.182","s":"s-3b5fe8f4","lvl":"INFO","tag":"ClipboardSessionManager","msg":"Session state transitioned","data":{"sessionId":"4e94f90b-f670-43c2-b206-a818422fee3c","from":"SESSION_ACTIVE","event":"JsonCopied","to":"AWAITING_PASTE"}}
{"t":"2026-07-07T02:00:44.142","s":"s-3b5fe8f4","lvl":"INFO","tag":"ClipboardSessionManager","msg":"Session state transitioned","data":{"sessionId":"4e94f90b-f670-43c2-b206-a818422fee3c","from":"AWAITING_PASTE","event":"ResponsePasted","to":"SESSION_ACTIVE"}}
{"t":"2026-07-07T02:12:59.184","s":"s-3b5fe8f4","lvl":"INFO","tag":"ClipboardSessionManager","msg":"Session state transitioned","data":{"sessionId":"4e94f90b-f670-43c2-b206-a818422fee3c","from":"SESSION_ACTIVE","event":"JsonCopied","to":"AWAITING_PASTE"}}
{"t":"2026-07-07T02:14:15.634","s":"s-3b5fe8f4","lvl":"INFO","tag":"ClipboardSessionManager","msg":"Session state transitioned","data":{"sessionId":"4e94f90b-f670-43c2-b206-a818422fee3c","from":"AWAITING_PASTE","event":"ResponsePasted","to":"SESSION_ACTIVE"}}
{"t":"2026-07-07T02:14:15.649","s":"s-3b5fe8f4","lvl":"INFO","tag":"ClipboardSessionManager","msg":"Session state transitioned","data":{"sessionId":"4e94f90b-f670-43c2-b206-a818422fee3c","from":"SESSION_ACTIVE","event":"JsonCopied","to":"AWAITING_PASTE"}}
{"t":"2026-07-07T02:20:08.808","s":"s-3b5fe8f4","lvl":"INFO","tag":"ClipboardSessionManager","msg":"Session state transitioned","data":{"sessionId":"4e94f90b-f670-43c2-b206-a818422fee3c","from":"AWAITING_PASTE","event":"ResponsePasted","to":"SESSION_ACTIVE"}}
{"t":"2026-07-07T02:21:16.585","s":"s-3b5fe8f4","lvl":"INFO","tag":"ClipboardSessionManager","msg":"Session state transitioned","data":{"sessionId":"4e94f90b-f670-43c2-b206-a818422fee3c","from":"SESSION_ACTIVE","event":"JsonCopied","to":"AWAITING_PASTE"}}
{"t":"2026-07-07T02:22:36.797","s":"s-3b5fe8f4","lvl":"INFO","tag":"ClipboardSessionManager","msg":"Session state transitioned","data":{"sessionId":"4e94f90b-f670-43c2-b206-a818422fee3c","from":"AWAITING_PASTE","event":"ResponsePasted","to":"SESSION_ACTIVE"}}
{"t":"2026-07-12T12:52:50.915","s":"s-63cf27c1","lvl":"SESSION","tag":"ProjectLogger","msg":"START","data":{"project":"MaxVibes","ideVersion":"2023.3.3","os":"Windows 11 10.0"}}
{"t":"2026-07-12T12:52:50.946","s":"s-63cf27c1","lvl":"INFO","tag":"ClipboardSessionManager","msg":"Session state transitioned","data":{"sessionId":"dd89950a-a27a-48c9-9026-267d9e436aca","from":"IDLE","event":"StartSession","to":"SESSION_ACTIVE"}}
{"t":"2026-07-12T12:52:51.249","s":"s-63cf27c1","lvl":"INFO","tag":"ClipboardSessionManager","msg":"Session state transitioned","data":{"sessionId":"dd89950a-a27a-48c9-9026-267d9e436aca","from":"SESSION_ACTIVE","event":"JsonCopied","to":"AWAITING_PASTE"}}
{"t":"2026-07-12T12:54:11.141","s":"s-63cf27c1","lvl":"DEBUG","tag":"ClipboardSessionManager","msg":"No-op transition (target equals current)","data":{"sessionId":"dd89950a-a27a-48c9-9026-267d9e436aca","status":"AWAITING_PASTE","event":"JsonCopied"}}
{"t":"2026-07-12T12:54:59.725","s":"s-63cf27c1","lvl":"INFO","tag":"ClipboardSessionManager","msg":"Session state transitioned","data":{"sessionId":"dd89950a-a27a-48c9-9026-267d9e436aca","from":"AWAITING_PASTE","event":"ResponsePasted","to":"SESSION_ACTIVE"}}
{"t":"2026-07-12T12:54:59.748","s":"s-63cf27c1","lvl":"INFO","tag":"ClipboardSessionManager","msg":"Session state transitioned","data":{"sessionId":"dd89950a-a27a-48c9-9026-267d9e436aca","from":"SESSION_ACTIVE","event":"JsonCopied","to":"AWAITING_PASTE"}}
{"t":"2026-07-12T12:56:03.414","s":"s-63cf27c1","lvl":"INFO","tag":"ClipboardSessionManager","msg":"Session state transitioned","data":{"sessionId":"dd89950a-a27a-48c9-9026-267d9e436aca","from":"AWAITING_PASTE","event":"ResponsePasted","to":"SESSION_ACTIVE"}}
{"t":"2026-07-12T12:56:03.425","s":"s-63cf27c1","lvl":"INFO","tag":"ClipboardSessionManager","msg":"Session state transitioned","data":{"sessionId":"dd89950a-a27a-48c9-9026-267d9e436aca","from":"SESSION_ACTIVE","event":"JsonCopied","to":"AWAITING_PASTE"}}
{"t":"2026-07-12T12:56:40.053","s":"s-63cf27c1","lvl":"INFO","tag":"ClipboardSessionManager","msg":"Session state transitioned","data":{"sessionId":"dd89950a-a27a-48c9-9026-267d9e436aca","from":"AWAITING_PASTE","event":"ResponsePasted","to":"SESSION_ACTIVE"}}
{"t":"2026-07-12T12:56:40.061","s":"s-63cf27c1","lvl":"INFO","tag":"ClipboardSessionManager","msg":"Session state transitioned","data":{"sessionId":"dd89950a-a27a-48c9-9026-267d9e436aca","from":"SESSION_ACTIVE","event":"JsonCopied","to":"AWAITING_PASTE"}}
{"t":"2026-07-12T12:57:25.772","s":"s-63cf27c1","lvl":"INFO","tag":"ClipboardSessionManager","msg":"Session state transitioned","data":{"sessionId":"dd89950a-a27a-48c9-9026-267d9e436aca","from":"AWAITING_PASTE","event":"ForceActivate","to":"SESSION_ACTIVE"}}
{"t":"2026-07-12T12:57:37.232","s":"s-63cf27c1","lvl":"INFO","tag":"ClipboardSessionManager","msg":"Session state transitioned","data":{"sessionId":"dd89950a-a27a-48c9-9026-267d9e436aca","from":"SESSION_ACTIVE","event":"JsonCopied","to":"AWAITING_PASTE"}}
{"t":"2026-07-12T12:58:00.294","s":"s-63cf27c1","lvl":"INFO","tag":"ClipboardSessionManager","msg":"Session state transitioned","data":{"sessionId":"dd89950a-a27a-48c9-9026-267d9e436aca","from":"AWAITING_PASTE","event":"ResponsePasted","to":"SESSION_ACTIVE"}}
{"t":"2026-07-12T12:58:00.300","s":"s-63cf27c1","lvl":"INFO","tag":"ClipboardSessionManager","msg":"Session state transitioned","data":{"sessionId":"dd89950a-a27a-48c9-9026-267d9e436aca","from":"SESSION_ACTIVE","event":"JsonCopied","to":"AWAITING_PASTE"}}
{"t":"2026-07-12T12:59:07.202","s":"s-63cf27c1","lvl":"INFO","tag":"ClipboardSessionManager","msg":"Session state transitioned","data":{"sessionId":"dd89950a-a27a-48c9-9026-267d9e436aca","from":"AWAITING_PASTE","event":"ResponsePasted","to":"SESSION_ACTIVE"}}
{"t":"2026-07-12T12:59:07.209","s":"s-63cf27c1","lvl":"INFO","tag":"ClipboardSessionManager","msg":"Session state transitioned","data":{"sessionId":"dd89950a-a27a-48c9-9026-267d9e436aca","from":"SESSION_ACTIVE","event":"JsonCopied","to":"AWAITING_PASTE"}}
{"t":"2026-07-12T13:13:27.489","s":"s-63cf27c1","lvl":"INFO","tag":"ClipboardSessionManager","msg":"Session state transitioned","data":{"sessionId":"dd89950a-a27a-48c9-9026-267d9e436aca","from":"AWAITING_PASTE","event":"ResponsePasted","to":"SESSION_ACTIVE"}}
{"t":"2026-07-12T13:48:40.742","s":"s-63cf27c1","lvl":"INFO","tag":"ClipboardSessionManager","msg":"Session state transitioned","data":{"sessionId":"dd89950a-a27a-48c9-9026-267d9e436aca","from":"SESSION_ACTIVE","event":"JsonCopied","to":"AWAITING_PASTE"}}
{"t":"2026-07-12T13:50:49.460","s":"s-63cf27c1","lvl":"INFO","tag":"ClipboardSessionManager","msg":"Session state transitioned","data":{"sessionId":"dd89950a-a27a-48c9-9026-267d9e436aca","from":"AWAITING_PASTE","event":"ResponsePasted","to":"SESSION_ACTIVE"}}
{"t":"2026-07-12T14:25:27.582","s":"s-63cf27c1","lvl":"INFO","tag":"ClipboardSessionManager","msg":"Session state transitioned","data":{"sessionId":"dd89950a-a27a-48c9-9026-267d9e436aca","from":"SESSION_ACTIVE","event":"JsonCopied","to":"AWAITING_PASTE"}}
{"t":"2026-07-12T14:25:51.115","s":"s-63cf27c1","lvl":"INFO","tag":"ClipboardSessionManager","msg":"Session state transitioned","data":{"sessionId":"dd89950a-a27a-48c9-9026-267d9e436aca","from":"AWAITING_PASTE","event":"ResponsePasted","to":"SESSION_ACTIVE"}}
{"t":"2026-07-12T14:25:51.124","s":"s-63cf27c1","lvl":"INFO","tag":"ClipboardSessionManager","msg":"Session state transitioned","data":{"sessionId":"dd89950a-a27a-48c9-9026-267d9e436aca","from":"SESSION_ACTIVE","event":"JsonCopied","to":"AWAITING_PASTE"}}
{"t":"2026-07-12T14:28:31.502","s":"s-63cf27c1","lvl":"INFO","tag":"ClipboardSessionManager","msg":"Session state transitioned","data":{"sessionId":"dd89950a-a27a-48c9-9026-267d9e436aca","from":"AWAITING_PASTE","event":"ResponsePasted","to":"SESSION_ACTIVE"}}
{"t":"2026-07-12T14:48:28.877","s":"s-63cf27c1","lvl":"INFO","tag":"ClipboardSessionManager","msg":"Session state transitioned","data":{"sessionId":"dd89950a-a27a-48c9-9026-267d9e436aca","from":"SESSION_ACTIVE","event":"JsonCopied","to":"AWAITING_PASTE"}}
{"t":"2026-07-12T14:51:51.973","s":"s-63cf27c1","lvl":"INFO","tag":"ClipboardSessionManager","msg":"Session state transitioned","data":{"sessionId":"dd89950a-a27a-48c9-9026-267d9e436aca","from":"AWAITING_PASTE","event":"ResponsePasted","to":"SESSION_ACTIVE"}}
{"t":"2026-07-12T20:05:05.097","s":"s-63cf27c1","lvl":"INFO","tag":"ClipboardSessionManager","msg":"Session state transitioned","data":{"sessionId":"dd89950a-a27a-48c9-9026-267d9e436aca","from":"SESSION_ACTIVE","event":"JsonCopied","to":"AWAITING_PASTE"}}
{"t":"2026-07-12T20:05:47.664","s":"s-63cf27c1","lvl":"INFO","tag":"ClipboardSessionManager","msg":"Session state transitioned","data":{"sessionId":"dd89950a-a27a-48c9-9026-267d9e436aca","from":"AWAITING_PASTE","event":"ResponsePasted","to":"SESSION_ACTIVE"}}
{"t":"2026-07-12T20:05:47.674","s":"s-63cf27c1","lvl":"INFO","tag":"ClipboardSessionManager","msg":"Session state transitioned","data":{"sessionId":"dd89950a-a27a-48c9-9026-267d9e436aca","from":"SESSION_ACTIVE","event":"JsonCopied","to":"AWAITING_PASTE"}}
{"t":"2026-07-12T20:06:46.929","s":"s-63cf27c1","lvl":"INFO","tag":"ClipboardSessionManager","msg":"Session state transitioned","data":{"sessionId":"dd89950a-a27a-48c9-9026-267d9e436aca","from":"AWAITING_PASTE","event":"ResponsePasted","to":"SESSION_ACTIVE"}}
{"t":"2026-07-12T21:01:06.434","s":"s-63cf27c1","lvl":"INFO","tag":"ClipboardSessionManager","msg":"Session state transitioned","data":{"sessionId":"dd89950a-a27a-48c9-9026-267d9e436aca","from":"SESSION_ACTIVE","event":"JsonCopied","to":"AWAITING_PASTE"}}
{"t":"2026-07-12T21:03:08.672","s":"s-63cf27c1","lvl":"INFO","tag":"ClipboardSessionManager","msg":"Session state transitioned","data":{"sessionId":"dd89950a-a27a-48c9-9026-267d9e436aca","from":"AWAITING_PASTE","event":"ResponsePasted","to":"SESSION_ACTIVE"}}
{"t":"2026-07-12T21:03:08.678","s":"s-63cf27c1","lvl":"INFO","tag":"ClipboardSessionManager","msg":"Session state transitioned","data":{"sessionId":"dd89950a-a27a-48c9-9026-267d9e436aca","from":"SESSION_ACTIVE","event":"JsonCopied","to":"AWAITING_PASTE"}}
{"t":"2026-07-12T21:04:05.540","s":"s-63cf27c1","lvl":"INFO","tag":"ClipboardSessionManager","msg":"Session state transitioned","data":{"sessionId":"dd89950a-a27a-48c9-9026-267d9e436aca","from":"AWAITING_PASTE","event":"ResponsePasted","to":"SESSION_ACTIVE"}}
{"t":"2026-07-12T21:04:05.544","s":"s-63cf27c1","lvl":"INFO","tag":"ClipboardSessionManager","msg":"Session state transitioned","data":{"sessionId":"dd89950a-a27a-48c9-9026-267d9e436aca","from":"SESSION_ACTIVE","event":"JsonCopied","to":"AWAITING_PASTE"}}
{"t":"2026-07-12T21:04:38.295","s":"s-63cf27c1","lvl":"INFO","tag":"ClipboardSessionManager","msg":"Session state transitioned","data":{"sessionId":"dd89950a-a27a-48c9-9026-267d9e436aca","from":"AWAITING_PASTE","event":"ResponsePasted","to":"SESSION_ACTIVE"}}
{"t":"2026-07-12T21:04:38.301","s":"s-63cf27c1","lvl":"INFO","tag":"ClipboardSessionManager","msg":"Session state transitioned","data":{"sessionId":"dd89950a-a27a-48c9-9026-267d9e436aca","from":"SESSION_ACTIVE","event":"JsonCopied","to":"AWAITING_PASTE"}}
{"t":"2026-07-12T21:34:08.517","s":"s-63cf27c1","lvl":"INFO","tag":"ClipboardSessionManager","msg":"Session state transitioned","data":{"sessionId":"dd89950a-a27a-48c9-9026-267d9e436aca","from":"AWAITING_PASTE","event":"ResponsePasted","to":"SESSION_ACTIVE"}}
{"t":"2026-07-12T21:40:11.586","s":"s-63cf27c1","lvl":"INFO","tag":"ClipboardSessionManager","msg":"Session state transitioned","data":{"sessionId":"dd89950a-a27a-48c9-9026-267d9e436aca","from":"SESSION_ACTIVE","event":"JsonCopied","to":"AWAITING_PASTE"}}
{"t":"2026-07-12T21:41:25.637","s":"s-63cf27c1","lvl":"INFO","tag":"ClipboardSessionManager","msg":"Session state transitioned","data":{"sessionId":"dd89950a-a27a-48c9-9026-267d9e436aca","from":"AWAITING_PASTE","event":"ResponsePasted","to":"SESSION_ACTIVE"}}
{"t":"2026-07-12T21:41:25.648","s":"s-63cf27c1","lvl":"INFO","tag":"ClipboardSessionManager","msg":"Session state transitioned","data":{"sessionId":"dd89950a-a27a-48c9-9026-267d9e436aca","from":"SESSION_ACTIVE","event":"JsonCopied","to":"AWAITING_PASTE"}}
{"t":"2026-07-12T21:42:06.260","s":"s-63cf27c1","lvl":"INFO","tag":"ClipboardSessionManager","msg":"Session state transitioned","data":{"sessionId":"dd89950a-a27a-48c9-9026-267d9e436aca","from":"AWAITING_PASTE","event":"ResponsePasted","to":"SESSION_ACTIVE"}}
{"t":"2026-07-12T21:42:06.268","s":"s-63cf27c1","lvl":"INFO","tag":"ClipboardSessionManager","msg":"Session state transitioned","data":{"sessionId":"dd89950a-a27a-48c9-9026-267d9e436aca","from":"SESSION_ACTIVE","event":"JsonCopied","to":"AWAITING_PASTE"}}
{"t":"2026-07-12T21:47:10.661","s":"s-63cf27c1","lvl":"INFO","tag":"ClipboardSessionManager","msg":"Session state transitioned","data":{"sessionId":"dd89950a-a27a-48c9-9026-267d9e436aca","from":"AWAITING_PASTE","event":"ResponsePasted","to":"SESSION_ACTIVE"}}
{"t":"2026-07-12T22:34:20.302","s":"s-63cf27c1","lvl":"INFO","tag":"ClipboardSessionManager","msg":"Session state transitioned","data":{"sessionId":"dd89950a-a27a-48c9-9026-267d9e436aca","from":"SESSION_ACTIVE","event":"JsonCopied","to":"AWAITING_PASTE"}}
{"t":"2026-07-12T22:36:16.805","s":"s-63cf27c1","lvl":"INFO","tag":"ClipboardSessionManager","msg":"Session state transitioned","data":{"sessionId":"dd89950a-a27a-48c9-9026-267d9e436aca","from":"AWAITING_PASTE","event":"ResponsePasted","to":"SESSION_ACTIVE"}}
{"t":"2026-07-12T22:36:16.813","s":"s-63cf27c1","lvl":"INFO","tag":"ClipboardSessionManager","msg":"Session state transitioned","data":{"sessionId":"dd89950a-a27a-48c9-9026-267d9e436aca","from":"SESSION_ACTIVE","event":"JsonCopied","to":"AWAITING_PASTE"}}
{"t":"2026-07-12T22:37:12.447","s":"s-63cf27c1","lvl":"DEBUG","tag":"ClipboardSessionManager","msg":"No-op transition (target equals current)","data":{"sessionId":"dd89950a-a27a-48c9-9026-267d9e436aca","status":"AWAITING_PASTE","event":"JsonCopied"}}
{"t":"2026-07-12T22:37:45.295","s":"s-63cf27c1","lvl":"INFO","tag":"ClipboardSessionManager","msg":"Session state transitioned","data":{"sessionId":"dd89950a-a27a-48c9-9026-267d9e436aca","from":"AWAITING_PASTE","event":"ForceActivate","to":"SESSION_ACTIVE"}}
{"t":"2026-07-12T22:37:50.117","s":"s-63cf27c1","lvl":"INFO","tag":"ClipboardSessionManager","msg":"Session state transitioned","data":{"sessionId":"dd89950a-a27a-48c9-9026-267d9e436aca","from":"SESSION_ACTIVE","event":"ForceAwaitPaste","to":"AWAITING_PASTE"}}
{"t":"2026-07-12T22:37:52.709","s":"s-63cf27c1","lvl":"INFO","tag":"ClipboardSessionManager","msg":"Session state transitioned","data":{"sessionId":"dd89950a-a27a-48c9-9026-267d9e436aca","from":"AWAITING_PASTE","event":"ResponsePasted","to":"SESSION_ACTIVE"}}
{"t":"2026-07-12T22:37:52.723","s":"s-63cf27c1","lvl":"INFO","tag":"ClipboardSessionManager","msg":"Session state transitioned","data":{"sessionId":"dd89950a-a27a-48c9-9026-267d9e436aca","from":"SESSION_ACTIVE","event":"JsonCopied","to":"AWAITING_PASTE"}}
{"t":"2026-07-12T22:39:21.385","s":"s-63cf27c1","lvl":"INFO","tag":"ClipboardSessionManager","msg":"Session state transitioned","data":{"sessionId":"dd89950a-a27a-48c9-9026-267d9e436aca","from":"AWAITING_PASTE","event":"ResponsePasted","to":"SESSION_ACTIVE"}}
{"t":"2026-07-12T22:39:21.392","s":"s-63cf27c1","lvl":"INFO","tag":"ClipboardSessionManager","msg":"Session state transitioned","data":{"sessionId":"dd89950a-a27a-48c9-9026-267d9e436aca","from":"SESSION_ACTIVE","event":"JsonCopied","to":"AWAITING_PASTE"}}
{"t":"2026-07-12T22:44:39.317","s":"s-63cf27c1","lvl":"INFO","tag":"ClipboardSessionManager","msg":"Session state transitioned","data":{"sessionId":"dd89950a-a27a-48c9-9026-267d9e436aca","from":"AWAITING_PASTE","event":"ResponsePasted","to":"SESSION_ACTIVE"}}
{"t":"2026-07-12T23:16:18.853","s":"s-63cf27c1","lvl":"INFO","tag":"ClipboardSessionManager","msg":"Session state transitioned","data":{"sessionId":"dd89950a-a27a-48c9-9026-267d9e436aca","from":"SESSION_ACTIVE","event":"JsonCopied","to":"AWAITING_PASTE"}}
{"t":"2026-07-12T23:22:11.039","s":"s-63cf27c1","lvl":"INFO","tag":"ClipboardSessionManager","msg":"Session state transitioned","data":{"sessionId":"dd89950a-a27a-48c9-9026-267d9e436aca","from":"AWAITING_PASTE","event":"ResponsePasted","to":"SESSION_ACTIVE"}}
{"t":"2026-07-12T23:37:33.619","s":"s-63cf27c1","lvl":"INFO","tag":"ClipboardSessionManager","msg":"Session state transitioned","data":{"sessionId":"dd89950a-a27a-48c9-9026-267d9e436aca","from":"SESSION_ACTIVE","event":"JsonCopied","to":"AWAITING_PASTE"}}
{"t":"2026-07-12T23:39:15.553","s":"s-63cf27c1","lvl":"INFO","tag":"ClipboardSessionManager","msg":"Session state transitioned","data":{"sessionId":"dd89950a-a27a-48c9-9026-267d9e436aca","from":"AWAITING_PASTE","event":"ResponsePasted","to":"SESSION_ACTIVE"}}
{"t":"2026-07-12T23:39:15.562","s":"s-63cf27c1","lvl":"INFO","tag":"ClipboardSessionManager","msg":"Session state transitioned","data":{"sessionId":"dd89950a-a27a-48c9-9026-267d9e436aca","from":"SESSION_ACTIVE","event":"JsonCopied","to":"AWAITING_PASTE"}}
{"t":"2026-07-12T23:43:14.147","s":"s-63cf27c1","lvl":"INFO","tag":"ClipboardSessionManager","msg":"Session state transitioned","data":{"sessionId":"dd89950a-a27a-48c9-9026-267d9e436aca","from":"AWAITING_PASTE","event":"ResponsePasted","to":"SESSION_ACTIVE"}}
{"t":"2026-07-12T23:49:09.950","s":"s-63cf27c1","lvl":"INFO","tag":"ClipboardSessionManager","msg":"Session state transitioned","data":{"sessionId":"dd89950a-a27a-48c9-9026-267d9e436aca","from":"SESSION_ACTIVE","event":"ForceAwaitPaste","to":"AWAITING_PASTE"}}
{"t":"2026-07-13T02:58:35.939","s":"s-63cf27c1","lvl":"INFO","tag":"ClipboardSessionManager","msg":"Session state transitioned","data":{"sessionId":"c783c1c7-fd04-42c9-b18e-ee48ed9493d3","from":"IDLE","event":"StartSession","to":"SESSION_ACTIVE"}}
{"t":"2026-07-13T02:58:36.137","s":"s-63cf27c1","lvl":"INFO","tag":"ClipboardSessionManager","msg":"Session state transitioned","data":{"sessionId":"c783c1c7-fd04-42c9-b18e-ee48ed9493d3","from":"SESSION_ACTIVE","event":"JsonCopied","to":"AWAITING_PASTE"}}
{"t":"2026-07-13T02:59:56.914","s":"s-63cf27c1","lvl":"INFO","tag":"ClipboardSessionManager","msg":"Session state transitioned","data":{"sessionId":"c783c1c7-fd04-42c9-b18e-ee48ed9493d3","from":"AWAITING_PASTE","event":"ResponsePasted","to":"SESSION_ACTIVE"}}
{"t":"2026-07-13T03:00:16.093","s":"s-63cf27c1","lvl":"INFO","tag":"ClipboardSessionManager","msg":"Session state transitioned","data":{"sessionId":"c783c1c7-fd04-42c9-b18e-ee48ed9493d3","from":"SESSION_ACTIVE","event":"JsonCopied","to":"AWAITING_PASTE"}}
{"t":"2026-07-13T03:02:25.333","s":"s-63cf27c1","lvl":"INFO","tag":"ClipboardSessionManager","msg":"Session state transitioned","data":{"sessionId":"c783c1c7-fd04-42c9-b18e-ee48ed9493d3","from":"AWAITING_PASTE","event":"ResponsePasted","to":"SESSION_ACTIVE"}}
{"t":"2026-07-13T03:02:25.346","s":"s-63cf27c1","lvl":"INFO","tag":"ClipboardSessionManager","msg":"Session state transitioned","data":{"sessionId":"c783c1c7-fd04-42c9-b18e-ee48ed9493d3","from":"SESSION_ACTIVE","event":"JsonCopied","to":"AWAITING_PASTE"}}
{"t":"2026-07-13T09:15:11.542","s":"s-63cf27c1","lvl":"INFO","tag":"ClipboardSessionManager","msg":"Session state transitioned","data":{"sessionId":"c783c1c7-fd04-42c9-b18e-ee48ed9493d3","from":"AWAITING_PASTE","event":"ResponsePasted","to":"SESSION_ACTIVE"}}
{"t":"2026-07-13T09:18:15.356","s":"s-63cf27c1","lvl":"INFO","tag":"ClipboardSessionManager","msg":"Session state transitioned","data":{"sessionId":"c783c1c7-fd04-42c9-b18e-ee48ed9493d3","from":"SESSION_ACTIVE","event":"JsonCopied","to":"AWAITING_PASTE"}}
{"t":"2026-07-13T09:22:41.868","s":"s-63cf27c1","lvl":"INFO","tag":"ClipboardSessionManager","msg":"Session state transitioned","data":{"sessionId":"c783c1c7-fd04-42c9-b18e-ee48ed9493d3","from":"AWAITING_PASTE","event":"ResponsePasted","to":"SESSION_ACTIVE"}}
{"t":"2026-07-13T09:22:42.329","s":"s-63cf27c1","lvl":"INFO","tag":"ClipboardSessionManager","msg":"Session state transitioned","data":{"sessionId":"c783c1c7-fd04-42c9-b18e-ee48ed9493d3","from":"SESSION_ACTIVE","event":"JsonCopied","to":"AWAITING_PASTE"}}
{"t":"2026-07-13T09:24:07.170","s":"s-63cf27c1","lvl":"INFO","tag":"ClipboardSessionManager","msg":"Session state transitioned","data":{"sessionId":"c783c1c7-fd04-42c9-b18e-ee48ed9493d3","from":"AWAITING_PASTE","event":"ResponsePasted","to":"SESSION_ACTIVE"}}
{"t":"2026-07-13T09:24:47.226","s":"s-63cf27c1","lvl":"INFO","tag":"ClipboardSessionManager","msg":"Session state transitioned","data":{"sessionId":"c783c1c7-fd04-42c9-b18e-ee48ed9493d3","from":"SESSION_ACTIVE","event":"JsonCopied","to":"AWAITING_PASTE"}}
{"t":"2026-07-13T09:26:14.411","s":"s-63cf27c1","lvl":"INFO","tag":"ClipboardSessionManager","msg":"Session state transitioned","data":{"sessionId":"c783c1c7-fd04-42c9-b18e-ee48ed9493d3","from":"AWAITING_PASTE","event":"ResponsePasted","to":"SESSION_ACTIVE"}}
{"t":"2026-07-13T09:29:40.119","s":"s-63cf27c1","lvl":"INFO","tag":"ClipboardSessionManager","msg":"Session state transitioned","data":{"sessionId":"c783c1c7-fd04-42c9-b18e-ee48ed9493d3","from":"SESSION_ACTIVE","event":"JsonCopied","to":"AWAITING_PASTE"}}
{"t":"2026-07-13T09:36:01.156","s":"s-63cf27c1","lvl":"INFO","tag":"ClipboardSessionManager","msg":"Session state transitioned","data":{"sessionId":"c783c1c7-fd04-42c9-b18e-ee48ed9493d3","from":"AWAITING_PASTE","event":"ResponsePasted","to":"SESSION_ACTIVE"}}
{"t":"2026-07-13T09:40:24.876","s":"s-63cf27c1","lvl":"INFO","tag":"ClipboardSessionManager","msg":"Session state transitioned","data":{"sessionId":"c783c1c7-fd04-42c9-b18e-ee48ed9493d3","from":"SESSION_ACTIVE","event":"JsonCopied","to":"AWAITING_PASTE"}}
{"t":"2026-07-13T09:43:35.998","s":"s-63cf27c1","lvl":"INFO","tag":"ClipboardSessionManager","msg":"Session state transitioned","data":{"sessionId":"c783c1c7-fd04-42c9-b18e-ee48ed9493d3","from":"AWAITING_PASTE","event":"ResponsePasted","to":"SESSION_ACTIVE"}}
{"t":"2026-07-13T09:45:32.863","s":"s-63cf27c1","lvl":"INFO","tag":"ClipboardSessionManager","msg":"Session state transitioned","data":{"sessionId":"c783c1c7-fd04-42c9-b18e-ee48ed9493d3","from":"SESSION_ACTIVE","event":"JsonCopied","to":"AWAITING_PASTE"}}
{"t":"2026-07-13T09:52:02.593","s":"s-63cf27c1","lvl":"INFO","tag":"ClipboardSessionManager","msg":"Session state transitioned","data":{"sessionId":"c783c1c7-fd04-42c9-b18e-ee48ed9493d3","from":"AWAITING_PASTE","event":"ResponsePasted","to":"SESSION_ACTIVE"}}
{"t":"2026-07-13T09:52:38.242","s":"s-63cf27c1","lvl":"INFO","tag":"ClipboardSessionManager","msg":"Session state transitioned","data":{"sessionId":"c783c1c7-fd04-42c9-b18e-ee48ed9493d3","from":"SESSION_ACTIVE","event":"JsonCopied","to":"AWAITING_PASTE"}}
{"t":"2026-07-13T09:59:19.760","s":"s-63cf27c1","lvl":"INFO","tag":"ClipboardSessionManager","msg":"Session state transitioned","data":{"sessionId":"c783c1c7-fd04-42c9-b18e-ee48ed9493d3","from":"AWAITING_PASTE","event":"ResponsePasted","to":"SESSION_ACTIVE"}}
{"t":"2026-07-13T10:01:22.498","s":"s-63cf27c1","lvl":"INFO","tag":"ClipboardSessionManager","msg":"Session state transitioned","data":{"sessionId":"c783c1c7-fd04-42c9-b18e-ee48ed9493d3","from":"SESSION_ACTIVE","event":"JsonCopied","to":"AWAITING_PASTE"}}
{"t":"2026-07-13T10:06:08.822","s":"s-63cf27c1","lvl":"INFO","tag":"ClipboardSessionManager","msg":"Session state transitioned","data":{"sessionId":"88c8351f-3fb1-43bd-b87b-588cbd023fce","from":"IDLE","event":"StartSession","to":"SESSION_ACTIVE"}}
{"t":"2026-07-13T10:06:09.133","s":"s-63cf27c1","lvl":"INFO","tag":"ClipboardSessionManager","msg":"Session state transitioned","data":{"sessionId":"88c8351f-3fb1-43bd-b87b-588cbd023fce","from":"SESSION_ACTIVE","event":"JsonCopied","to":"AWAITING_PASTE"}}
{"t":"2026-07-13T10:09:14.526","s":"s-63cf27c1","lvl":"INFO","tag":"ClipboardSessionManager","msg":"Session state transitioned","data":{"sessionId":"88c8351f-3fb1-43bd-b87b-588cbd023fce","from":"AWAITING_PASTE","event":"ResponsePasted","to":"SESSION_ACTIVE"}}
{"t":"2026-07-13T10:09:14.722","s":"s-63cf27c1","lvl":"INFO","tag":"ClipboardSessionManager","msg":"Session state transitioned","data":{"sessionId":"88c8351f-3fb1-43bd-b87b-588cbd023fce","from":"SESSION_ACTIVE","event":"JsonCopied","to":"AWAITING_PASTE"}}
{"t":"2026-07-13T10:25:39.145","s":"s-63cf27c1","lvl":"INFO","tag":"ClipboardSessionManager","msg":"Session state transitioned","data":{"sessionId":"88c8351f-3fb1-43bd-b87b-588cbd023fce","from":"AWAITING_PASTE","event":"ResponsePasted","to":"SESSION_ACTIVE"}}
{"t":"2026-07-13T10:30:58.737","s":"s-63cf27c1","lvl":"INFO","tag":"ClipboardSessionManager","msg":"Session state transitioned","data":{"sessionId":"88c8351f-3fb1-43bd-b87b-588cbd023fce","from":"SESSION_ACTIVE","event":"JsonCopied","to":"AWAITING_PASTE"}}
{"t":"2026-07-13T10:34:12.845","s":"s-63cf27c1","lvl":"INFO","tag":"ClipboardSessionManager","msg":"Session state transitioned","data":{"sessionId":"88c8351f-3fb1-43bd-b87b-588cbd023fce","from":"AWAITING_PASTE","event":"ResponsePasted","to":"SESSION_ACTIVE"}}
{"t":"2026-07-13T10:34:12.864","s":"s-63cf27c1","lvl":"INFO","tag":"ClipboardSessionManager","msg":"Session state transitioned","data":{"sessionId":"88c8351f-3fb1-43bd-b87b-588cbd023fce","from":"SESSION_ACTIVE","event":"JsonCopied","to":"AWAITING_PASTE"}}
{"t":"2026-07-13T10:38:59.938","s":"s-63cf27c1","lvl":"INFO","tag":"ClipboardSessionManager","msg":"Session state transitioned","data":{"sessionId":"88c8351f-3fb1-43bd-b87b-588cbd023fce","from":"AWAITING_PASTE","event":"ResponsePasted","to":"SESSION_ACTIVE"}}
{"t":"2026-07-13T10:38:59.961","s":"s-63cf27c1","lvl":"INFO","tag":"ClipboardSessionManager","msg":"Session state transitioned","data":{"sessionId":"88c8351f-3fb1-43bd-b87b-588cbd023fce","from":"SESSION_ACTIVE","event":"JsonCopied","to":"AWAITING_PASTE"}}
{"t":"2026-07-13T10:49:52.959","s":"s-63cf27c1","lvl":"INFO","tag":"ClipboardSessionManager","msg":"Session state transitioned","data":{"sessionId":"88c8351f-3fb1-43bd-b87b-588cbd023fce","from":"AWAITING_PASTE","event":"ResponsePasted","to":"SESSION_ACTIVE"}}
{"t":"2026-07-13T10:52:01.617","s":"s-63cf27c1","lvl":"INFO","tag":"ClipboardSessionManager","msg":"Session state transitioned","data":{"sessionId":"88c8351f-3fb1-43bd-b87b-588cbd023fce","from":"SESSION_ACTIVE","event":"JsonCopied","to":"AWAITING_PASTE"}}
{"t":"2026-07-13T10:55:44.218","s":"s-63cf27c1","lvl":"INFO","tag":"ClipboardSessionManager","msg":"Session state transitioned","data":{"sessionId":"cdf5177b-4f47-4fa6-88ef-4252f2b02800","from":"IDLE","event":"StartSession","to":"SESSION_ACTIVE"}}
{"t":"2026-07-13T10:55:44.418","s":"s-63cf27c1","lvl":"INFO","tag":"ClipboardSessionManager","msg":"Session state transitioned","data":{"sessionId":"cdf5177b-4f47-4fa6-88ef-4252f2b02800","from":"SESSION_ACTIVE","event":"JsonCopied","to":"AWAITING_PASTE"}}
{"t":"2026-07-13T10:59:51.096","s":"s-63cf27c1","lvl":"INFO","tag":"ClipboardSessionManager","msg":"Session state transitioned","data":{"sessionId":"cdf5177b-4f47-4fa6-88ef-4252f2b02800","from":"AWAITING_PASTE","event":"ResponsePasted","to":"SESSION_ACTIVE"}}
{"t":"2026-07-13T10:59:51.529","s":"s-63cf27c1","lvl":"INFO","tag":"ClipboardSessionManager","msg":"Session state transitioned","data":{"sessionId":"cdf5177b-4f47-4fa6-88ef-4252f2b02800","from":"SESSION_ACTIVE","event":"JsonCopied","to":"AWAITING_PASTE"}}
{"t":"2026-07-14T21:50:04.053","s":"s-63cf27c1","lvl":"INFO","tag":"ClipboardSessionManager","msg":"Session state transitioned","data":{"sessionId":"cdf5177b-4f47-4fa6-88ef-4252f2b02800","from":"AWAITING_PASTE","event":"ResponsePasted","to":"SESSION_ACTIVE"}}
{"t":"2026-07-14T21:52:49.441","s":"s-63cf27c1","lvl":"INFO","tag":"ClipboardSessionManager","msg":"Session state transitioned","data":{"sessionId":"cdf5177b-4f47-4fa6-88ef-4252f2b02800","from":"SESSION_ACTIVE","event":"JsonCopied","to":"AWAITING_PASTE"}}
{"t":"2026-07-14T21:54:32.304","s":"s-63cf27c1","lvl":"INFO","tag":"ClipboardSessionManager","msg":"Session state transitioned","data":{"sessionId":"cdf5177b-4f47-4fa6-88ef-4252f2b02800","from":"AWAITING_PASTE","event":"ResponsePasted","to":"SESSION_ACTIVE"}}
{"t":"2026-07-14T21:57:46.472","s":"s-63cf27c1","lvl":"INFO","tag":"ClipboardSessionManager","msg":"Session state transitioned","data":{"sessionId":"cdf5177b-4f47-4fa6-88ef-4252f2b02800","from":"SESSION_ACTIVE","event":"ForceAwaitPaste","to":"AWAITING_PASTE"}}
{"t":"2026-07-14T21:57:50.941","s":"s-63cf27c1","lvl":"INFO","tag":"ClipboardSessionManager","msg":"Session state transitioned","data":{"sessionId":"cdf5177b-4f47-4fa6-88ef-4252f2b02800","from":"AWAITING_PASTE","event":"ResponsePasted","to":"SESSION_ACTIVE"}}
{"t":"2026-07-14T22:57:54.865","s":"s-63cf27c1","lvl":"INFO","tag":"ClipboardSessionManager","msg":"Session state transitioned","data":{"sessionId":"cdf5177b-4f47-4fa6-88ef-4252f2b02800","from":"SESSION_ACTIVE","event":"JsonCopied","to":"AWAITING_PASTE"}}
{"t":"2026-07-14T23:15:59.598","s":"s-63cf27c1","lvl":"INFO","tag":"ClipboardSessionManager","msg":"Session state transitioned","data":{"sessionId":"88c8351f-3fb1-43bd-b87b-588cbd023fce","from":"AWAITING_PASTE","event":"ResponsePasted","to":"SESSION_ACTIVE"}}
{"t":"2026-07-14T23:16:04.860","s":"s-63cf27c1","lvl":"INFO","tag":"ClipboardSessionManager","msg":"Session state transitioned","data":{"sessionId":"88c8351f-3fb1-43bd-b87b-588cbd023fce","from":"SESSION_ACTIVE","event":"JsonCopied","to":"AWAITING_PASTE"}}
{"t":"2026-07-14T23:16:55.253","s":"s-63cf27c1","lvl":"INFO","tag":"ClipboardSessionManager","msg":"Session state transitioned","data":{"sessionId":"cdf5177b-4f47-4fa6-88ef-4252f2b02800","from":"AWAITING_PASTE","event":"ResponsePasted","to":"SESSION_ACTIVE"}}
{"t":"2026-07-14T23:16:55.329","s":"s-63cf27c1","lvl":"INFO","tag":"ClipboardSessionManager","msg":"Session state transitioned","data":{"sessionId":"cdf5177b-4f47-4fa6-88ef-4252f2b02800","from":"SESSION_ACTIVE","event":"JsonCopied","to":"AWAITING_PASTE"}}
{"t":"2026-07-14T23:28:01.909","s":"s-63cf27c1","lvl":"INFO","tag":"ClipboardSessionManager","msg":"Session state transitioned","data":{"sessionId":"88c8351f-3fb1-43bd-b87b-588cbd023fce","from":"AWAITING_PASTE","event":"ResponsePasted","to":"SESSION_ACTIVE"}}
{"t":"2026-07-14T23:28:01.923","s":"s-63cf27c1","lvl":"INFO","tag":"ClipboardSessionManager","msg":"Session state transitioned","data":{"sessionId":"88c8351f-3fb1-43bd-b87b-588cbd023fce","from":"SESSION_ACTIVE","event":"JsonCopied","to":"AWAITING_PASTE"}}
{"t":"2026-07-17T11:46:24.663","s":"s-2fceb0f5","lvl":"SESSION","tag":"ProjectLogger","msg":"START","data":{"project":"MaxVibes","ideVersion":"2023.3.3","os":"Windows 11 10.0"}}
{"t":"2026-07-17T11:46:24.922","s":"s-2fceb0f5","lvl":"DEBUG","tag":"ClipboardSessionManager","msg":"No-op transition (target equals current)","data":{"sessionId":"88c8351f-3fb1-43bd-b87b-588cbd023fce","status":"AWAITING_PASTE","event":"JsonCopied"}}
{"t":"2026-07-17T11:46:48.123","s":"s-2fceb0f5","lvl":"INFO","tag":"ClipboardSessionManager","msg":"Session state transitioned","data":{"sessionId":"88c8351f-3fb1-43bd-b87b-588cbd023fce","from":"AWAITING_PASTE","event":"ResponsePasted","to":"SESSION_ACTIVE"}}
{"t":"2026-07-17T11:59:22.895","s":"s-2fceb0f5","lvl":"INFO","tag":"ClipboardSessionManager","msg":"Session state transitioned","data":{"sessionId":"88c8351f-3fb1-43bd-b87b-588cbd023fce","from":"SESSION_ACTIVE","event":"JsonCopied","to":"AWAITING_PASTE"}}
{"t":"2026-07-17T12:02:24.440","s":"s-2fceb0f5","lvl":"INFO","tag":"ClipboardSessionManager","msg":"Session state transitioned","data":{"sessionId":"88c8351f-3fb1-43bd-b87b-588cbd023fce","from":"AWAITING_PASTE","event":"ResponsePasted","to":"SESSION_ACTIVE"}}
{"t":"2026-07-17T12:04:25.564","s":"s-2fceb0f5","lvl":"INFO","tag":"ClipboardSessionManager","msg":"Session state transitioned","data":{"sessionId":"88c8351f-3fb1-43bd-b87b-588cbd023fce","from":"SESSION_ACTIVE","event":"JsonCopied","to":"AWAITING_PASTE"}}
{"t":"2026-07-17T12:08:06.459","s":"s-2fceb0f5","lvl":"INFO","tag":"ClipboardSessionManager","msg":"Session state transitioned","data":{"sessionId":"88c8351f-3fb1-43bd-b87b-588cbd023fce","from":"AWAITING_PASTE","event":"ResponsePasted","to":"SESSION_ACTIVE"}}
{"t":"2026-07-17T12:08:12.744","s":"s-2fceb0f5","lvl":"INFO","tag":"ClipboardSessionManager","msg":"Session state transitioned","data":{"sessionId":"88c8351f-3fb1-43bd-b87b-588cbd023fce","from":"SESSION_ACTIVE","event":"ForceAwaitPaste","to":"AWAITING_PASTE"}}
{"t":"2026-07-17T12:08:19.538","s":"s-2fceb0f5","lvl":"INFO","tag":"ClipboardSessionManager","msg":"Session state transitioned","data":{"sessionId":"88c8351f-3fb1-43bd-b87b-588cbd023fce","from":"AWAITING_PASTE","event":"ResponsePasted","to":"SESSION_ACTIVE"}}
{"t":"2026-07-17T12:11:30.483","s":"s-2fceb0f5","lvl":"INFO","tag":"ClipboardSessionManager","msg":"Session state transitioned","data":{"sessionId":"88c8351f-3fb1-43bd-b87b-588cbd023fce","from":"SESSION_ACTIVE","event":"JsonCopied","to":"AWAITING_PASTE"}}
{"t":"2026-07-17T12:12:36.603","s":"s-2fceb0f5","lvl":"INFO","tag":"ClipboardSessionManager","msg":"Session state transitioned","data":{"sessionId":"88c8351f-3fb1-43bd-b87b-588cbd023fce","from":"AWAITING_PASTE","event":"ResponsePasted","to":"SESSION_ACTIVE"}}
